2026-02-23 12:29:09 | INFO     | models.anomaly_detector | ✅ Loaded existing anomaly detection model from disk
2026-02-23 12:29:09 | INFO     | main | 🚀 Starting Transaction Monitoring API...
2026-02-23 12:29:09 | INFO     | apscheduler.scheduler | Adding job tentatively -- it will be properly scheduled when the scheduler starts
2026-02-23 12:29:09 | INFO     | apscheduler.scheduler | Adding job tentatively -- it will be properly scheduled when the scheduler starts
2026-02-23 12:29:09 | INFO     | apscheduler.scheduler | Adding job tentatively -- it will be properly scheduled when the scheduler starts
2026-02-23 12:29:09 | INFO     | apscheduler.scheduler | Added job "Daily Anomaly Detection Training" to job store "default"
2026-02-23 12:29:09 | INFO     | apscheduler.scheduler | Added job "Daily Forecast Training" to job store "default"
2026-02-23 12:29:09 | INFO     | apscheduler.scheduler | Added job "Initial Model Training" to job store "default"
2026-02-23 12:29:09 | INFO     | apscheduler.scheduler | Scheduler started
2026-02-23 12:29:09 | INFO     | scheduler | ✅ Scheduler started successfully
2026-02-23 12:29:09 | INFO     | scheduler | 📅 Anomaly training scheduled: Daily at 2:00 AM
2026-02-23 12:29:09 | INFO     | apscheduler.executors.default | Running job "Initial Model Training (trigger: date[2026-02-23 12:29:09 EAT], next run at: 2026-02-23 12:29:09 EAT)" (scheduled at 2026-02-23 12:29:09.915136+03:00)
2026-02-23 12:29:09 | INFO     | apscheduler.scheduler | Removed job initial_training
2026-02-23 12:29:09 | INFO     | scheduler | 📅 Forecast training scheduled: Daily at 3:00 AM
2026-02-23 12:29:09 | INFO     | scheduler | 🚀 Running initial model training...
2026-02-23 12:29:09 | INFO     | main | ✅ Scheduler started — initial training running in background
2026-02-23 12:29:09 | INFO     | scheduler | 🔄 Starting scheduled anomaly detection training...
2026-02-23 12:29:09 | INFO     | models.anomaly_detector | 🔄 Starting anomaly detection training...
2026-02-23 12:29:12 | INFO     | models.anomaly_detector | 💾 Model and scaler saved to disk
2026-02-23 12:29:12 | INFO     | models.anomaly_detector | 📦 Stored 2 anomalies in memory
2026-02-23 12:29:12 | INFO     | models.anomaly_detector | ✅ Training complete — 2 anomalies detected
2026-02-23 12:29:12 | INFO     | models.anomaly_detector | 📊 Confidence: 0.802
2026-02-23 12:29:12 | INFO     | scheduler | ✅ Anomaly detection training completed
2026-02-23 12:29:12 | INFO     | scheduler | 🔄 Starting scheduled forecast training...
2026-02-23 12:29:12 | INFO     | models.forecast_model | 🔄 Starting forecast training...
2026-02-23 12:29:13 | INFO     | models.forecast_model | 📊 Forecasting for 23 terminals
2026-02-23 12:29:15 | ERROR    | prophet.plot | Importing plotly failed. Interactive plots will not work.
2026-02-23 12:29:16 | INFO     | prophet | n_changepoints greater than number of observations. Using 1.
2026-02-23 12:29:17 | INFO     | prophet | n_changepoints greater than number of observations. Using 2.
2026-02-23 12:29:19 | WARNING  | models.forecast_model | ⚠️ Skipping CDM22567 — insufficient data
2026-02-23 12:29:19 | INFO     | prophet | n_changepoints greater than number of observations. Using 1.
2026-02-23 12:29:19 | WARNING  | models.forecast_model | ⚠️ Skipping CDM592 — insufficient data
2026-02-23 12:29:19 | INFO     | prophet | n_changepoints greater than number of observations. Using 1.
2026-02-23 12:29:20 | INFO     | prophet | n_changepoints greater than number of observations. Using 4.
2026-02-23 12:29:25 | INFO     | prophet | n_changepoints greater than number of observations. Using 5.
2026-02-23 12:29:25 | INFO     | prophet | n_changepoints greater than number of observations. Using 3.
2026-02-23 12:29:26 | INFO     | prophet | n_changepoints greater than number of observations. Using 5.
2026-02-23 12:29:26 | INFO     | prophet | n_changepoints greater than number of observations. Using 6.
2026-02-23 12:29:26 | INFO     | prophet | n_changepoints greater than number of observations. Using 7.
2026-02-23 12:29:27 | INFO     | prophet | n_changepoints greater than number of observations. Using 6.
2026-02-23 12:29:27 | INFO     | prophet | n_changepoints greater than number of observations. Using 5.
2026-02-23 12:29:28 | INFO     | prophet | n_changepoints greater than number of observations. Using 6.
2026-02-23 12:29:28 | INFO     | prophet | n_changepoints greater than number of observations. Using 6.
2026-02-23 12:29:28 | INFO     | prophet | n_changepoints greater than number of observations. Using 7.
2026-02-23 12:29:29 | INFO     | prophet | n_changepoints greater than number of observations. Using 6.
2026-02-23 12:29:30 | INFO     | prophet | n_changepoints greater than number of observations. Using 3.
2026-02-23 12:29:33 | INFO     | prophet | n_changepoints greater than number of observations. Using 1.
2026-02-23 12:29:33 | INFO     | prophet | n_changepoints greater than number of observations. Using 7.
2026-02-23 12:29:34 | INFO     | prophet | n_changepoints greater than number of observations. Using 1.
2026-02-23 12:29:36 | INFO     | prophet | n_changepoints greater than number of observations. Using 7.
2026-02-23 12:29:36 | INFO     | models.forecast_model | 📦 Stored 357 forecast records in memory
2026-02-23 12:29:36 | INFO     | models.forecast_model | ✅ Forecast training complete using Prophet
2026-02-23 12:29:36 | INFO     | models.forecast_model | 📊 Generated 357 forecast records
2026-02-23 12:29:36 | INFO     | scheduler | ✅ Forecast training completed
2026-02-23 12:29:36 | INFO     | scheduler | ✅ Initial training complete
2026-02-23 12:29:36 | INFO     | apscheduler.executors.default | Job "Initial Model Training (trigger: date[2026-02-23 12:29:09 EAT], next run at: 2026-02-23 12:29:09 EAT)" executed successfully
2026-02-23 12:56:57 | INFO     | models.anomaly_detector | ✅ Loaded existing anomaly detection model from disk
2026-02-23 12:56:57 | INFO     | models.anomaly_detector | ✅ Loaded existing anomaly detection model from disk
2026-02-23 12:56:57 | INFO     | main | 🚀 Starting Transaction Monitoring API...
2026-02-23 12:56:57 | INFO     | apscheduler.scheduler | Adding job tentatively -- it will be properly scheduled when the scheduler starts
2026-02-23 12:56:57 | INFO     | apscheduler.scheduler | Adding job tentatively -- it will be properly scheduled when the scheduler starts
2026-02-23 12:56:57 | INFO     | apscheduler.scheduler | Adding job tentatively -- it will be properly scheduled when the scheduler starts
2026-02-23 12:56:57 | INFO     | apscheduler.scheduler | Added job "Daily Anomaly Detection Training" to job store "default"
2026-02-23 12:56:57 | INFO     | apscheduler.scheduler | Added job "Daily Forecast Training" to job store "default"
2026-02-23 12:56:57 | INFO     | apscheduler.scheduler | Added job "Initial Model Training" to job store "default"
2026-02-23 12:56:57 | INFO     | apscheduler.scheduler | Scheduler started
2026-02-23 12:56:57 | INFO     | scheduler | ✅ Scheduler started successfully
2026-02-23 12:56:57 | INFO     | apscheduler.executors.default | Running job "Initial Model Training (trigger: date[2026-02-23 12:56:57 EAT], next run at: 2026-02-23 12:56:57 EAT)" (scheduled at 2026-02-23 12:56:57.514010+03:00)
2026-02-23 12:56:57 | INFO     | apscheduler.scheduler | Removed job initial_training
2026-02-23 12:56:57 | INFO     | scheduler | 📅 Anomaly training scheduled: Daily at 2:00 AM
2026-02-23 12:56:57 | INFO     | scheduler | 🚀 Running initial model training...
2026-02-23 12:56:57 | INFO     | scheduler | 📅 Forecast training scheduled: Daily at 3:00 AM
2026-02-23 12:56:57 | INFO     | scheduler | 🔄 Starting scheduled anomaly detection training...
2026-02-23 12:56:57 | INFO     | main | ✅ Scheduler started — initial training running in background
2026-02-23 12:56:57 | INFO     | models.anomaly_detector | 🔄 Starting anomaly detection training...
2026-02-23 12:56:59 | INFO     | models.anomaly_detector | 💾 Model and scaler saved to disk
2026-02-23 12:56:59 | INFO     | models.anomaly_detector | 📦 Stored 2 anomalies in memory
2026-02-23 12:56:59 | INFO     | models.anomaly_detector | ✅ Training complete — 2 anomalies detected
2026-02-23 12:56:59 | INFO     | models.anomaly_detector | 📊 Confidence: 0.805
2026-02-23 12:56:59 | INFO     | scheduler | ✅ Anomaly detection training completed
2026-02-23 12:56:59 | INFO     | scheduler | 🔄 Starting scheduled forecast training...
2026-02-23 12:56:59 | INFO     | models.forecast_model | 🔄 Starting forecast training...
2026-02-23 12:57:00 | INFO     | models.forecast_model | 📊 Forecasting for 23 terminals
2026-02-23 12:57:01 | ERROR    | prophet.plot | Importing plotly failed. Interactive plots will not work.
2026-02-23 12:57:01 | INFO     | prophet | n_changepoints greater than number of observations. Using 1.
2026-02-23 12:57:01 | INFO     | prophet | n_changepoints greater than number of observations. Using 2.
2026-02-23 12:57:03 | WARNING  | models.forecast_model | ⚠️ Skipping CDM22567 — insufficient data
2026-02-23 12:57:03 | INFO     | prophet | n_changepoints greater than number of observations. Using 1.
2026-02-23 12:57:03 | WARNING  | models.forecast_model | ⚠️ Skipping CDM592 — insufficient data
2026-02-23 12:57:03 | INFO     | prophet | n_changepoints greater than number of observations. Using 1.
2026-02-23 12:57:04 | INFO     | prophet | n_changepoints greater than number of observations. Using 4.
2026-02-23 12:57:09 | INFO     | prophet | n_changepoints greater than number of observations. Using 5.
2026-02-23 12:57:09 | INFO     | prophet | n_changepoints greater than number of observations. Using 3.
2026-02-23 12:57:10 | INFO     | prophet | n_changepoints greater than number of observations. Using 5.
2026-02-23 12:57:10 | INFO     | prophet | n_changepoints greater than number of observations. Using 6.
2026-02-23 12:57:10 | INFO     | prophet | n_changepoints greater than number of observations. Using 7.
2026-02-23 12:57:11 | INFO     | prophet | n_changepoints greater than number of observations. Using 6.
2026-02-23 12:57:11 | INFO     | prophet | n_changepoints greater than number of observations. Using 5.
2026-02-23 12:57:11 | INFO     | prophet | n_changepoints greater than number of observations. Using 6.
2026-02-23 12:57:12 | INFO     | prophet | n_changepoints greater than number of observations. Using 6.
2026-02-23 12:57:12 | INFO     | prophet | n_changepoints greater than number of observations. Using 7.
2026-02-23 12:57:13 | INFO     | prophet | n_changepoints greater than number of observations. Using 6.
2026-02-23 12:57:15 | INFO     | prophet | n_changepoints greater than number of observations. Using 3.
2026-02-23 12:57:17 | INFO     | prophet | n_changepoints greater than number of observations. Using 1.
2026-02-23 12:57:18 | INFO     | prophet | n_changepoints greater than number of observations. Using 7.
2026-02-23 12:57:18 | INFO     | prophet | n_changepoints greater than number of observations. Using 1.
2026-02-23 12:57:20 | INFO     | prophet | n_changepoints greater than number of observations. Using 7.
2026-02-23 12:57:20 | INFO     | models.forecast_model | 📦 Stored 357 forecast records in memory
2026-02-23 12:57:20 | INFO     | models.forecast_model | ✅ Forecast training complete using Prophet
2026-02-23 12:57:20 | INFO     | models.forecast_model | 📊 Generated 357 forecast records
2026-02-23 12:57:20 | INFO     | scheduler | ✅ Forecast training completed
2026-02-23 12:57:20 | INFO     | scheduler | ✅ Initial training complete
2026-02-23 12:57:20 | INFO     | apscheduler.executors.default | Job "Initial Model Training (trigger: date[2026-02-23 12:56:57 EAT], next run at: 2026-02-23 12:56:57 EAT)" executed successfully
2026-02-24 09:58:03 | INFO     | models.anomaly_detector | ✅ Loaded existing anomaly detection model from disk
2026-02-24 09:58:03 | INFO     | models.anomaly_detector | ✅ Loaded existing anomaly detection model from disk
2026-02-24 09:58:03 | INFO     | main | 🚀 Starting Transaction Monitoring API...
2026-02-24 09:58:03 | INFO     | apscheduler.scheduler | Adding job tentatively -- it will be properly scheduled when the scheduler starts
2026-02-24 09:58:03 | INFO     | apscheduler.scheduler | Adding job tentatively -- it will be properly scheduled when the scheduler starts
2026-02-24 09:58:03 | INFO     | apscheduler.scheduler | Adding job tentatively -- it will be properly scheduled when the scheduler starts
2026-02-24 09:58:03 | INFO     | apscheduler.scheduler | Added job "Daily Anomaly Detection Training" to job store "default"
2026-02-24 09:58:03 | INFO     | apscheduler.scheduler | Added job "Daily Forecast Training" to job store "default"
2026-02-24 09:58:03 | INFO     | apscheduler.scheduler | Added job "Initial Model Training" to job store "default"
2026-02-24 09:58:03 | INFO     | apscheduler.scheduler | Scheduler started
2026-02-24 09:58:03 | INFO     | scheduler | ✅ Scheduler started successfully
2026-02-24 09:58:03 | INFO     | scheduler | 📅 Anomaly training scheduled: Daily at 2:00 AM
2026-02-24 09:58:03 | INFO     | apscheduler.executors.default | Running job "Initial Model Training (trigger: date[2026-02-24 09:58:03 EAT], next run at: 2026-02-24 09:58:03 EAT)" (scheduled at 2026-02-24 09:58:03.890801+03:00)
2026-02-24 09:58:03 | INFO     | apscheduler.scheduler | Removed job initial_training
2026-02-24 09:58:03 | INFO     | scheduler | 📅 Forecast training scheduled: Daily at 3:00 AM
2026-02-24 09:58:03 | INFO     | main | ✅ Scheduler started — initial training running in background
2026-02-24 09:58:03 | INFO     | scheduler | 🚀 Running initial model training...
2026-02-24 09:58:03 | INFO     | scheduler | 🔄 Starting scheduled anomaly detection training...
2026-02-24 09:58:03 | INFO     | models.anomaly_detector | 🔄 Starting anomaly detection training...
2026-02-24 09:58:09 | INFO     | models.anomaly_detector | 💾 Model and scaler saved to disk
2026-02-24 09:58:09 | INFO     | models.anomaly_detector | 📦 Stored 2 anomalies in memory
2026-02-24 09:58:09 | INFO     | models.anomaly_detector | ✅ Training complete — 2 anomalies detected
2026-02-24 09:58:09 | INFO     | models.anomaly_detector | 📊 Confidence: 0.804
2026-02-24 09:58:09 | INFO     | scheduler | ✅ Anomaly detection training completed
2026-02-24 09:58:09 | INFO     | scheduler | 🔄 Starting scheduled forecast training...
2026-02-24 09:58:09 | INFO     | models.forecast_model | 🔄 Starting forecast training...
2026-02-24 09:58:09 | INFO     | models.forecast_model | 📊 Forecasting for 23 terminals
2026-02-24 09:58:12 | ERROR    | prophet.plot | Importing plotly failed. Interactive plots will not work.
2026-02-24 09:58:13 | INFO     | prophet | n_changepoints greater than number of observations. Using 1.
2026-02-24 09:58:14 | INFO     | prophet | n_changepoints greater than number of observations. Using 2.
2026-02-24 09:58:16 | WARNING  | models.forecast_model | ⚠️ Skipping CDM22567 — insufficient data
2026-02-24 09:58:16 | INFO     | prophet | n_changepoints greater than number of observations. Using 1.
2026-02-24 09:58:17 | WARNING  | models.forecast_model | ⚠️ Skipping CDM592 — insufficient data
2026-02-24 09:58:17 | INFO     | prophet | n_changepoints greater than number of observations. Using 1.
2026-02-24 09:58:18 | INFO     | prophet | n_changepoints greater than number of observations. Using 4.
2026-02-24 09:58:26 | INFO     | prophet | n_changepoints greater than number of observations. Using 5.
2026-02-24 09:58:26 | INFO     | prophet | n_changepoints greater than number of observations. Using 3.
2026-02-24 09:58:27 | INFO     | prophet | n_changepoints greater than number of observations. Using 5.
2026-02-24 09:58:27 | INFO     | prophet | n_changepoints greater than number of observations. Using 6.
2026-02-24 09:58:28 | INFO     | prophet | n_changepoints greater than number of observations. Using 7.
2026-02-24 09:58:28 | INFO     | prophet | n_changepoints greater than number of observations. Using 6.
2026-02-24 09:58:29 | INFO     | prophet | n_changepoints greater than number of observations. Using 5.
2026-02-24 09:58:30 | INFO     | prophet | n_changepoints greater than number of observations. Using 6.
2026-02-24 09:58:30 | INFO     | prophet | n_changepoints greater than number of observations. Using 6.
2026-02-24 09:58:31 | INFO     | prophet | n_changepoints greater than number of observations. Using 7.
2026-02-24 09:58:31 | INFO     | prophet | n_changepoints greater than number of observations. Using 6.
2026-02-24 09:58:33 | INFO     | prophet | n_changepoints greater than number of observations. Using 3.
2026-02-24 09:58:35 | INFO     | prophet | n_changepoints greater than number of observations. Using 1.
2026-02-24 09:58:36 | INFO     | prophet | n_changepoints greater than number of observations. Using 7.
2026-02-24 09:58:36 | INFO     | prophet | n_changepoints greater than number of observations. Using 1.
2026-02-24 09:58:38 | INFO     | prophet | n_changepoints greater than number of observations. Using 7.
2026-02-24 09:58:39 | INFO     | models.forecast_model | 📦 Stored 357 forecast records in memory
2026-02-24 09:58:39 | INFO     | models.forecast_model | ✅ Forecast training complete using Prophet
2026-02-24 09:58:39 | INFO     | models.forecast_model | 📊 Generated 357 forecast records
2026-02-24 09:58:39 | INFO     | scheduler | ✅ Forecast training completed
2026-02-24 09:58:39 | INFO     | scheduler | ✅ Initial training complete
2026-02-24 09:58:39 | INFO     | apscheduler.executors.default | Job "Initial Model Training (trigger: date[2026-02-24 09:58:03 EAT], next run at: 2026-02-24 09:58:03 EAT)" executed successfully
2026-02-24 10:42:14 | INFO     | models.anomaly_detector | ✅ Loaded existing anomaly detection model from disk
2026-02-24 10:42:14 | INFO     | main | 🚀 Starting Transaction Monitoring API...
2026-02-24 10:42:14 | INFO     | apscheduler.scheduler | Adding job tentatively -- it will be properly scheduled when the scheduler starts
2026-02-24 10:42:14 | INFO     | apscheduler.scheduler | Adding job tentatively -- it will be properly scheduled when the scheduler starts
2026-02-24 10:42:14 | INFO     | apscheduler.scheduler | Adding job tentatively -- it will be properly scheduled when the scheduler starts
2026-02-24 10:42:14 | INFO     | apscheduler.scheduler | Added job "Daily Anomaly Detection Training" to job store "default"
2026-02-24 10:42:14 | INFO     | apscheduler.scheduler | Added job "Daily Forecast Training" to job store "default"
2026-02-24 10:42:14 | INFO     | apscheduler.scheduler | Added job "Initial Model Training" to job store "default"
2026-02-24 10:42:14 | INFO     | apscheduler.scheduler | Scheduler started
2026-02-24 10:42:14 | INFO     | scheduler | ✅ Scheduler started successfully
2026-02-24 10:42:14 | INFO     | apscheduler.executors.default | Running job "Initial Model Training (trigger: date[2026-02-24 10:42:14 EAT], next run at: 2026-02-24 10:42:14 EAT)" (scheduled at 2026-02-24 10:42:14.079588+03:00)
2026-02-24 10:42:14 | INFO     | apscheduler.scheduler | Removed job initial_training
2026-02-24 10:42:14 | INFO     | scheduler | 📅 Anomaly training scheduled: Daily at 2:00 AM
2026-02-24 10:42:14 | INFO     | scheduler | 🚀 Running initial model training...
2026-02-24 10:42:14 | INFO     | scheduler | 📅 Forecast training scheduled: Daily at 3:00 AM
2026-02-24 10:42:14 | INFO     | scheduler | 🔄 Starting scheduled anomaly detection training...
2026-02-24 10:42:14 | INFO     | main | ✅ Scheduler started — initial training running in background
2026-02-24 10:42:14 | INFO     | models.anomaly_detector | 🔄 Starting anomaly detection training...
2026-02-24 10:42:14 | INFO     | models.anomaly_detector | 🔄 Starting anomaly detection training...
2026-02-24 10:42:14 | INFO     | models.forecast_model | 🔄 Starting forecast training...
2026-02-24 10:42:14 | INFO     | models.forecast_model | 📊 Forecasting for 23 terminals
2026-02-24 10:42:18 | ERROR    | prophet.plot | Importing plotly failed. Interactive plots will not work.
2026-02-24 10:42:19 | INFO     | models.anomaly_detector | 💾 Model and scaler saved to disk
2026-02-24 10:42:19 | INFO     | models.anomaly_detector | 💾 Model and scaler saved to disk
2026-02-24 10:42:19 | INFO     | models.anomaly_detector | 📦 Stored 2 anomalies in memory
2026-02-24 10:42:19 | INFO     | models.anomaly_detector | ✅ Training complete — 2 anomalies detected
2026-02-24 10:42:19 | INFO     | models.anomaly_detector | 📊 Confidence: 0.806
2026-02-24 10:42:19 | INFO     | models.anomaly_detector | 📦 Stored 2 anomalies in memory
2026-02-24 10:42:19 | INFO     | models.anomaly_detector | ✅ Training complete — 2 anomalies detected
2026-02-24 10:42:19 | INFO     | models.anomaly_detector | 📊 Confidence: 0.806
2026-02-24 10:42:19 | INFO     | scheduler | ✅ Anomaly detection training completed
2026-02-24 10:42:19 | INFO     | scheduler | 🔄 Starting scheduled forecast training...
2026-02-24 10:42:19 | INFO     | models.forecast_model | 🔄 Starting forecast training...
2026-02-24 10:42:19 | INFO     | models.forecast_model | 📊 Forecasting for 23 terminals
2026-02-24 10:42:20 | INFO     | prophet | n_changepoints greater than number of observations. Using 1.
2026-02-24 10:42:20 | INFO     | prophet | n_changepoints greater than number of observations. Using 1.
2026-02-24 10:42:21 | INFO     | prophet | n_changepoints greater than number of observations. Using 2.
2026-02-24 10:42:21 | INFO     | prophet | n_changepoints greater than number of observations. Using 2.
2026-02-24 10:42:23 | WARNING  | models.forecast_model | ⚠️ Skipping CDM22567 — insufficient data
2026-02-24 10:42:23 | WARNING  | models.forecast_model | ⚠️ Skipping CDM22567 — insufficient data
2026-02-24 10:42:23 | INFO     | prophet | n_changepoints greater than number of observations. Using 1.
2026-02-24 10:42:23 | INFO     | prophet | n_changepoints greater than number of observations. Using 1.
2026-02-24 10:42:23 | WARNING  | models.forecast_model | ⚠️ Skipping CDM592 — insufficient data
2026-02-24 10:42:23 | WARNING  | models.forecast_model | ⚠️ Skipping CDM592 — insufficient data
2026-02-24 10:42:23 | INFO     | prophet | n_changepoints greater than number of observations. Using 1.
2026-02-24 10:42:23 | INFO     | prophet | n_changepoints greater than number of observations. Using 1.
2026-02-24 10:42:24 | INFO     | prophet | n_changepoints greater than number of observations. Using 4.
2026-02-24 10:42:24 | INFO     | prophet | n_changepoints greater than number of observations. Using 4.
2026-02-24 10:42:31 | INFO     | prophet | n_changepoints greater than number of observations. Using 5.
2026-02-24 10:42:31 | INFO     | prophet | n_changepoints greater than number of observations. Using 5.
2026-02-24 10:42:32 | INFO     | prophet | n_changepoints greater than number of observations. Using 3.
2026-02-24 10:42:32 | INFO     | prophet | n_changepoints greater than number of observations. Using 3.
2026-02-24 10:42:32 | INFO     | prophet | n_changepoints greater than number of observations. Using 5.
2026-02-24 10:42:32 | INFO     | prophet | n_changepoints greater than number of observations. Using 5.
2026-02-24 10:42:33 | INFO     | prophet | n_changepoints greater than number of observations. Using 6.
2026-02-24 10:42:33 | INFO     | prophet | n_changepoints greater than number of observations. Using 6.
2026-02-24 10:42:33 | INFO     | prophet | n_changepoints greater than number of observations. Using 7.
2026-02-24 10:42:33 | INFO     | prophet | n_changepoints greater than number of observations. Using 7.
2026-02-24 10:42:34 | INFO     | prophet | n_changepoints greater than number of observations. Using 6.
2026-02-24 10:42:34 | INFO     | prophet | n_changepoints greater than number of observations. Using 6.
2026-02-24 10:42:34 | INFO     | prophet | n_changepoints greater than number of observations. Using 5.
2026-02-24 10:42:34 | INFO     | prophet | n_changepoints greater than number of observations. Using 5.
2026-02-24 10:42:34 | INFO     | prophet | n_changepoints greater than number of observations. Using 6.
2026-02-24 10:42:34 | INFO     | prophet | n_changepoints greater than number of observations. Using 6.
2026-02-24 10:42:35 | INFO     | prophet | n_changepoints greater than number of observations. Using 6.
2026-02-24 10:42:35 | INFO     | prophet | n_changepoints greater than number of observations. Using 6.
2026-02-24 10:42:35 | INFO     | prophet | n_changepoints greater than number of observations. Using 7.
2026-02-24 10:42:35 | INFO     | prophet | n_changepoints greater than number of observations. Using 7.
2026-02-24 10:42:36 | INFO     | prophet | n_changepoints greater than number of observations. Using 6.
2026-02-24 10:42:36 | INFO     | prophet | n_changepoints greater than number of observations. Using 6.
2026-02-24 10:42:37 | INFO     | prophet | n_changepoints greater than number of observations. Using 3.
2026-02-24 10:42:37 | INFO     | prophet | n_changepoints greater than number of observations. Using 3.
2026-02-24 10:42:40 | INFO     | prophet | n_changepoints greater than number of observations. Using 1.
2026-02-24 10:42:40 | INFO     | prophet | n_changepoints greater than number of observations. Using 1.
2026-02-24 10:42:41 | INFO     | prophet | n_changepoints greater than number of observations. Using 7.
2026-02-24 10:42:41 | INFO     | prophet | n_changepoints greater than number of observations. Using 7.
2026-02-24 10:42:41 | INFO     | prophet | n_changepoints greater than number of observations. Using 1.
2026-02-24 10:42:41 | INFO     | prophet | n_changepoints greater than number of observations. Using 1.
2026-02-24 10:42:43 | INFO     | prophet | n_changepoints greater than number of observations. Using 7.
2026-02-24 10:42:43 | INFO     | prophet | n_changepoints greater than number of observations. Using 7.
2026-02-24 10:42:43 | INFO     | models.forecast_model | 📦 Stored 357 forecast records in memory
2026-02-24 10:42:43 | INFO     | models.forecast_model | ✅ Forecast training complete using Prophet
2026-02-24 10:42:43 | INFO     | models.forecast_model | 📊 Generated 357 forecast records
2026-02-24 10:42:43 | INFO     | models.forecast_model | 📦 Stored 357 forecast records in memory
2026-02-24 10:42:43 | INFO     | models.forecast_model | ✅ Forecast training complete using Prophet
2026-02-24 10:42:43 | INFO     | models.forecast_model | 📊 Generated 357 forecast records
2026-02-24 10:42:43 | INFO     | scheduler | ✅ Forecast training completed
2026-02-24 10:42:43 | INFO     | scheduler | ✅ Initial training complete
2026-02-24 10:42:43 | INFO     | apscheduler.executors.default | Job "Initial Model Training (trigger: date[2026-02-24 10:42:14 EAT], next run at: 2026-02-24 10:42:14 EAT)" executed successfully
2026-02-25 10:42:28 | INFO     | models.anomaly_detector | ✅ Loaded existing anomaly detection model from disk
2026-02-25 10:42:28 | INFO     | main | 🚀 Starting Transaction Monitoring API...
2026-02-25 10:42:28 | INFO     | apscheduler.scheduler | Adding job tentatively -- it will be properly scheduled when the scheduler starts
2026-02-25 10:42:28 | INFO     | apscheduler.scheduler | Adding job tentatively -- it will be properly scheduled when the scheduler starts
2026-02-25 10:42:28 | INFO     | apscheduler.scheduler | Adding job tentatively -- it will be properly scheduled when the scheduler starts
2026-02-25 10:42:28 | INFO     | apscheduler.scheduler | Added job "Daily Anomaly Detection Training" to job store "default"
2026-02-25 10:42:28 | INFO     | apscheduler.scheduler | Added job "Daily Forecast Training" to job store "default"
2026-02-25 10:42:28 | INFO     | apscheduler.scheduler | Added job "Initial Model Training" to job store "default"
2026-02-25 10:42:28 | INFO     | apscheduler.scheduler | Scheduler started
2026-02-25 10:42:28 | INFO     | scheduler | ✅ Scheduler started successfully
2026-02-25 10:42:28 | INFO     | apscheduler.executors.default | Running job "Initial Model Training (trigger: date[2026-02-25 10:42:28 EAT], next run at: 2026-02-25 10:42:28 EAT)" (scheduled at 2026-02-25 10:42:28.293128+03:00)
2026-02-25 10:42:28 | INFO     | apscheduler.scheduler | Removed job initial_training
2026-02-25 10:42:28 | INFO     | scheduler | 📅 Anomaly training scheduled: Daily at 2:00 AM
2026-02-25 10:42:28 | INFO     | scheduler | 🚀 Running initial model training...
2026-02-25 10:42:28 | INFO     | scheduler | 📅 Forecast training scheduled: Daily at 3:00 AM
2026-02-25 10:42:28 | INFO     | scheduler | 🔄 Starting scheduled anomaly detection training...
2026-02-25 10:42:28 | INFO     | main | ✅ Scheduler started — initial training running in background
2026-02-25 10:42:28 | INFO     | models.anomaly_detector | 🔄 Starting anomaly detection training...
2026-02-25 10:42:43 | ERROR    | models.anomaly_detector | ❌ Anomaly training failed: ('08001', '[08001] [Microsoft][ODBC Driver 17 for SQL Server]TCP Provider: The wait operation timed out.\r\n (258) (SQLDriverConnect); [08001] [Microsoft][ODBC Driver 17 for SQL Server]Login timeout expired (0); [08001] [Microsoft][ODBC Driver 17 for SQL Server]A network-related or instance-specific error has occurred while establishing a connection to SQL Server. Server is not found or not accessible. Check if instance name is correct and if SQL Server is configured to allow remote connections. For more information see SQL Server Books Online. (258)')
2026-02-25 10:42:43 | ERROR    | scheduler | ❌ Anomaly detection training failed: ('08001', '[08001] [Microsoft][ODBC Driver 17 for SQL Server]TCP Provider: The wait operation timed out.\r\n (258) (SQLDriverConnect); [08001] [Microsoft][ODBC Driver 17 for SQL Server]Login timeout expired (0); [08001] [Microsoft][ODBC Driver 17 for SQL Server]A network-related or instance-specific error has occurred while establishing a connection to SQL Server. Server is not found or not accessible. Check if instance name is correct and if SQL Server is configured to allow remote connections. For more information see SQL Server Books Online. (258)')
2026-02-25 10:42:43 | INFO     | scheduler | 🔄 Starting scheduled forecast training...
2026-02-25 10:42:43 | INFO     | models.forecast_model | 🔄 Starting forecast training...
2026-02-25 10:42:58 | ERROR    | models.forecast_model | ❌ Forecast training failed: ('08001', '[08001] [Microsoft][ODBC Driver 17 for SQL Server]TCP Provider: The wait operation timed out.\r\n (258) (SQLDriverConnect); [08001] [Microsoft][ODBC Driver 17 for SQL Server]Login timeout expired (0); [08001] [Microsoft][ODBC Driver 17 for SQL Server]A network-related or instance-specific error has occurred while establishing a connection to SQL Server. Server is not found or not accessible. Check if instance name is correct and if SQL Server is configured to allow remote connections. For more information see SQL Server Books Online. (258)')
2026-02-25 10:42:58 | ERROR    | scheduler | ❌ Forecast training failed: ('08001', '[08001] [Microsoft][ODBC Driver 17 for SQL Server]TCP Provider: The wait operation timed out.\r\n (258) (SQLDriverConnect); [08001] [Microsoft][ODBC Driver 17 for SQL Server]Login timeout expired (0); [08001] [Microsoft][ODBC Driver 17 for SQL Server]A network-related or instance-specific error has occurred while establishing a connection to SQL Server. Server is not found or not accessible. Check if instance name is correct and if SQL Server is configured to allow remote connections. For more information see SQL Server Books Online. (258)')
2026-02-25 10:42:58 | INFO     | scheduler | ✅ Initial training complete
2026-02-25 10:42:58 | INFO     | apscheduler.executors.default | Job "Initial Model Training (trigger: date[2026-02-25 10:42:28 EAT], next run at: 2026-02-25 10:42:28 EAT)" executed successfully
2026-02-25 10:47:14 | INFO     | models.anomaly_detector | ✅ Loaded existing anomaly detection model from disk
2026-02-25 10:47:14 | INFO     | main | 🚀 Starting Transaction Monitoring API...
2026-02-25 10:47:14 | INFO     | apscheduler.scheduler | Adding job tentatively -- it will be properly scheduled when the scheduler starts
2026-02-25 10:47:14 | INFO     | apscheduler.scheduler | Adding job tentatively -- it will be properly scheduled when the scheduler starts
2026-02-25 10:47:14 | INFO     | apscheduler.scheduler | Adding job tentatively -- it will be properly scheduled when the scheduler starts
2026-02-25 10:47:14 | INFO     | apscheduler.scheduler | Added job "Daily Anomaly Detection Training" to job store "default"
2026-02-25 10:47:14 | INFO     | apscheduler.scheduler | Added job "Daily Forecast Training" to job store "default"
2026-02-25 10:47:14 | INFO     | apscheduler.scheduler | Added job "Initial Model Training" to job store "default"
2026-02-25 10:47:14 | INFO     | apscheduler.scheduler | Scheduler started
2026-02-25 10:47:14 | INFO     | scheduler | ✅ Scheduler started successfully
2026-02-25 10:47:14 | INFO     | apscheduler.executors.default | Running job "Initial Model Training (trigger: date[2026-02-25 10:47:14 EAT], next run at: 2026-02-25 10:47:14 EAT)" (scheduled at 2026-02-25 10:47:14.879107+03:00)
2026-02-25 10:47:14 | INFO     | apscheduler.scheduler | Removed job initial_training
2026-02-25 10:47:14 | INFO     | scheduler | 📅 Anomaly training scheduled: Daily at 2:00 PM
2026-02-25 10:47:14 | INFO     | scheduler | 🚀 Running initial model training...
2026-02-25 10:47:14 | INFO     | scheduler | 📅 Forecast training scheduled: Daily at 3:00 PM
2026-02-25 10:47:14 | INFO     | scheduler | 🔄 Starting scheduled anomaly detection training...
2026-02-25 10:47:14 | INFO     | main | ✅ Scheduler started — initial training running in background
2026-02-25 10:47:14 | INFO     | models.anomaly_detector | 🔄 Starting anomaly detection training...
2026-02-25 10:47:30 | ERROR    | models.anomaly_detector | ❌ Anomaly training failed: ('08001', '[08001] [Microsoft][ODBC Driver 17 for SQL Server]TCP Provider: The wait operation timed out.\r\n (258) (SQLDriverConnect); [08001] [Microsoft][ODBC Driver 17 for SQL Server]Login timeout expired (0); [08001] [Microsoft][ODBC Driver 17 for SQL Server]A network-related or instance-specific error has occurred while establishing a connection to SQL Server. Server is not found or not accessible. Check if instance name is correct and if SQL Server is configured to allow remote connections. For more information see SQL Server Books Online. (258)')
2026-02-25 10:47:30 | ERROR    | scheduler | ❌ Anomaly detection training failed: ('08001', '[08001] [Microsoft][ODBC Driver 17 for SQL Server]TCP Provider: The wait operation timed out.\r\n (258) (SQLDriverConnect); [08001] [Microsoft][ODBC Driver 17 for SQL Server]Login timeout expired (0); [08001] [Microsoft][ODBC Driver 17 for SQL Server]A network-related or instance-specific error has occurred while establishing a connection to SQL Server. Server is not found or not accessible. Check if instance name is correct and if SQL Server is configured to allow remote connections. For more information see SQL Server Books Online. (258)')
2026-02-25 10:47:30 | INFO     | scheduler | 🔄 Starting scheduled forecast training...
2026-02-25 10:47:30 | INFO     | models.forecast_model | 🔄 Starting forecast training...
2026-02-25 10:47:45 | ERROR    | models.forecast_model | ❌ Forecast training failed: ('08001', '[08001] [Microsoft][ODBC Driver 17 for SQL Server]TCP Provider: The wait operation timed out.\r\n (258) (SQLDriverConnect); [08001] [Microsoft][ODBC Driver 17 for SQL Server]Login timeout expired (0); [08001] [Microsoft][ODBC Driver 17 for SQL Server]A network-related or instance-specific error has occurred while establishing a connection to SQL Server. Server is not found or not accessible. Check if instance name is correct and if SQL Server is configured to allow remote connections. For more information see SQL Server Books Online. (258)')
2026-02-25 10:47:45 | ERROR    | scheduler | ❌ Forecast training failed: ('08001', '[08001] [Microsoft][ODBC Driver 17 for SQL Server]TCP Provider: The wait operation timed out.\r\n (258) (SQLDriverConnect); [08001] [Microsoft][ODBC Driver 17 for SQL Server]Login timeout expired (0); [08001] [Microsoft][ODBC Driver 17 for SQL Server]A network-related or instance-specific error has occurred while establishing a connection to SQL Server. Server is not found or not accessible. Check if instance name is correct and if SQL Server is configured to allow remote connections. For more information see SQL Server Books Online. (258)')
2026-02-25 10:47:45 | INFO     | scheduler | ✅ Initial training complete
2026-02-25 10:47:45 | INFO     | apscheduler.executors.default | Job "Initial Model Training (trigger: date[2026-02-25 10:47:14 EAT], next run at: 2026-02-25 10:47:14 EAT)" executed successfully
2026-02-25 10:51:10 | INFO     | models.anomaly_detector | ✅ Loaded existing anomaly detection model from disk
2026-02-25 10:51:10 | INFO     | models.anomaly_detector | ✅ Loaded existing anomaly detection model from disk
2026-02-25 10:51:10 | INFO     | main | 🚀 Starting Transaction Monitoring API...
2026-02-25 10:51:10 | INFO     | apscheduler.scheduler | Adding job tentatively -- it will be properly scheduled when the scheduler starts
2026-02-25 10:51:10 | INFO     | apscheduler.scheduler | Adding job tentatively -- it will be properly scheduled when the scheduler starts
2026-02-25 10:51:10 | INFO     | apscheduler.scheduler | Adding job tentatively -- it will be properly scheduled when the scheduler starts
2026-02-25 10:51:10 | INFO     | apscheduler.scheduler | Added job "Daily Anomaly Detection Training" to job store "default"
2026-02-25 10:51:10 | INFO     | apscheduler.scheduler | Added job "Daily Forecast Training" to job store "default"
2026-02-25 10:51:10 | INFO     | apscheduler.scheduler | Added job "Initial Model Training" to job store "default"
2026-02-25 10:51:10 | INFO     | apscheduler.scheduler | Scheduler started
2026-02-25 10:51:10 | INFO     | scheduler | ✅ Scheduler started successfully
2026-02-25 10:51:10 | INFO     | apscheduler.executors.default | Running job "Initial Model Training (trigger: date[2026-02-25 10:51:10 EAT], next run at: 2026-02-25 10:51:10 EAT)" (scheduled at 2026-02-25 10:51:10.243802+03:00)
2026-02-25 10:51:10 | INFO     | apscheduler.scheduler | Removed job initial_training
2026-02-25 10:51:10 | INFO     | scheduler | 📅 Anomaly training scheduled: Daily at 2:00 PM
2026-02-25 10:51:10 | INFO     | scheduler | 🚀 Running initial model training...
2026-02-25 10:51:10 | INFO     | scheduler | 📅 Forecast training scheduled: Daily at 3:00 PM
2026-02-25 10:51:10 | INFO     | scheduler | 🔄 Starting scheduled anomaly detection training...
2026-02-25 10:51:10 | INFO     | main | ✅ Scheduler started — initial training running in background
2026-02-25 10:51:10 | INFO     | models.anomaly_detector | 🔄 Starting anomaly detection training...
2026-02-25 10:51:25 | ERROR    | models.anomaly_detector | ❌ Anomaly training failed: ('08001', '[08001] [Microsoft][ODBC Driver 17 for SQL Server]TCP Provider: The wait operation timed out.\r\n (258) (SQLDriverConnect); [08001] [Microsoft][ODBC Driver 17 for SQL Server]Login timeout expired (0); [08001] [Microsoft][ODBC Driver 17 for SQL Server]A network-related or instance-specific error has occurred while establishing a connection to SQL Server. Server is not found or not accessible. Check if instance name is correct and if SQL Server is configured to allow remote connections. For more information see SQL Server Books Online. (258)')
2026-02-25 10:51:25 | ERROR    | scheduler | ❌ Anomaly detection training failed: ('08001', '[08001] [Microsoft][ODBC Driver 17 for SQL Server]TCP Provider: The wait operation timed out.\r\n (258) (SQLDriverConnect); [08001] [Microsoft][ODBC Driver 17 for SQL Server]Login timeout expired (0); [08001] [Microsoft][ODBC Driver 17 for SQL Server]A network-related or instance-specific error has occurred while establishing a connection to SQL Server. Server is not found or not accessible. Check if instance name is correct and if SQL Server is configured to allow remote connections. For more information see SQL Server Books Online. (258)')
2026-02-25 10:51:25 | INFO     | scheduler | 🔄 Starting scheduled forecast training...
2026-02-25 10:51:25 | INFO     | models.forecast_model | 🔄 Starting forecast training...
2026-02-25 10:51:40 | ERROR    | models.forecast_model | ❌ Forecast training failed: ('08001', '[08001] [Microsoft][ODBC Driver 17 for SQL Server]TCP Provider: The wait operation timed out.\r\n (258) (SQLDriverConnect); [08001] [Microsoft][ODBC Driver 17 for SQL Server]Login timeout expired (0); [08001] [Microsoft][ODBC Driver 17 for SQL Server]A network-related or instance-specific error has occurred while establishing a connection to SQL Server. Server is not found or not accessible. Check if instance name is correct and if SQL Server is configured to allow remote connections. For more information see SQL Server Books Online. (258)')
2026-02-25 10:51:40 | ERROR    | scheduler | ❌ Forecast training failed: ('08001', '[08001] [Microsoft][ODBC Driver 17 for SQL Server]TCP Provider: The wait operation timed out.\r\n (258) (SQLDriverConnect); [08001] [Microsoft][ODBC Driver 17 for SQL Server]Login timeout expired (0); [08001] [Microsoft][ODBC Driver 17 for SQL Server]A network-related or instance-specific error has occurred while establishing a connection to SQL Server. Server is not found or not accessible. Check if instance name is correct and if SQL Server is configured to allow remote connections. For more information see SQL Server Books Online. (258)')
2026-02-25 10:51:40 | INFO     | scheduler | ✅ Initial training complete
2026-02-25 10:51:40 | INFO     | apscheduler.executors.default | Job "Initial Model Training (trigger: date[2026-02-25 10:51:10 EAT], next run at: 2026-02-25 10:51:10 EAT)" executed successfully
2026-02-25 12:58:41 | INFO     | models.anomaly_detector | ✅ Loaded existing anomaly detection model from disk
2026-02-25 12:58:41 | INFO     | models.anomaly_detector | ✅ Loaded existing anomaly detection model from disk
2026-02-25 12:58:41 | INFO     | main | 🚀 Starting Transaction Monitoring API...
2026-02-25 12:58:41 | INFO     | apscheduler.scheduler | Adding job tentatively -- it will be properly scheduled when the scheduler starts
2026-02-25 12:58:41 | INFO     | apscheduler.scheduler | Adding job tentatively -- it will be properly scheduled when the scheduler starts
2026-02-25 12:58:41 | INFO     | apscheduler.scheduler | Adding job tentatively -- it will be properly scheduled when the scheduler starts
2026-02-25 12:58:41 | INFO     | apscheduler.scheduler | Added job "Daily Anomaly Detection Training" to job store "default"
2026-02-25 12:58:41 | INFO     | apscheduler.scheduler | Added job "Daily Forecast Training" to job store "default"
2026-02-25 12:58:41 | INFO     | apscheduler.scheduler | Added job "Initial Model Training" to job store "default"
2026-02-25 12:58:41 | INFO     | apscheduler.scheduler | Scheduler started
2026-02-25 12:58:41 | INFO     | scheduler | ✅ Scheduler started successfully
2026-02-25 12:58:41 | INFO     | apscheduler.executors.default | Running job "Initial Model Training (trigger: date[2026-02-25 12:58:41 EAT], next run at: 2026-02-25 12:58:41 EAT)" (scheduled at 2026-02-25 12:58:41.629067+03:00)
2026-02-25 12:58:41 | INFO     | apscheduler.scheduler | Removed job initial_training
2026-02-25 12:58:41 | INFO     | scheduler | 📅 Anomaly training scheduled: Daily at 2:00 PM
2026-02-25 12:58:41 | INFO     | scheduler | 🚀 Running initial model training...
2026-02-25 12:58:41 | INFO     | scheduler | 📅 Forecast training scheduled: Daily at 3:00 PM
2026-02-25 12:58:41 | INFO     | scheduler | 🔄 Starting scheduled anomaly detection training...
2026-02-25 12:58:41 | INFO     | main | ✅ Scheduler started — initial training running in background
2026-02-25 12:58:41 | INFO     | models.anomaly_detector | 🔄 Starting anomaly detection training...
2026-02-25 12:58:56 | ERROR    | models.anomaly_detector | ❌ Anomaly training failed: ('08001', '[08001] [Microsoft][ODBC Driver 17 for SQL Server]TCP Provider: The wait operation timed out.\r\n (258) (SQLDriverConnect); [08001] [Microsoft][ODBC Driver 17 for SQL Server]Login timeout expired (0); [08001] [Microsoft][ODBC Driver 17 for SQL Server]A network-related or instance-specific error has occurred while establishing a connection to SQL Server. Server is not found or not accessible. Check if instance name is correct and if SQL Server is configured to allow remote connections. For more information see SQL Server Books Online. (258)')
2026-02-25 12:58:56 | ERROR    | scheduler | ❌ Anomaly detection training failed: ('08001', '[08001] [Microsoft][ODBC Driver 17 for SQL Server]TCP Provider: The wait operation timed out.\r\n (258) (SQLDriverConnect); [08001] [Microsoft][ODBC Driver 17 for SQL Server]Login timeout expired (0); [08001] [Microsoft][ODBC Driver 17 for SQL Server]A network-related or instance-specific error has occurred while establishing a connection to SQL Server. Server is not found or not accessible. Check if instance name is correct and if SQL Server is configured to allow remote connections. For more information see SQL Server Books Online. (258)')
2026-02-25 12:58:56 | INFO     | scheduler | 🔄 Starting scheduled forecast training...
2026-02-25 12:58:56 | INFO     | models.forecast_model | 🔄 Starting forecast training...
2026-02-25 12:59:12 | ERROR    | models.forecast_model | ❌ Forecast training failed: ('08001', '[08001] [Microsoft][ODBC Driver 17 for SQL Server]TCP Provider: The wait operation timed out.\r\n (258) (SQLDriverConnect); [08001] [Microsoft][ODBC Driver 17 for SQL Server]Login timeout expired (0); [08001] [Microsoft][ODBC Driver 17 for SQL Server]A network-related or instance-specific error has occurred while establishing a connection to SQL Server. Server is not found or not accessible. Check if instance name is correct and if SQL Server is configured to allow remote connections. For more information see SQL Server Books Online. (258)')
2026-02-25 12:59:12 | ERROR    | scheduler | ❌ Forecast training failed: ('08001', '[08001] [Microsoft][ODBC Driver 17 for SQL Server]TCP Provider: The wait operation timed out.\r\n (258) (SQLDriverConnect); [08001] [Microsoft][ODBC Driver 17 for SQL Server]Login timeout expired (0); [08001] [Microsoft][ODBC Driver 17 for SQL Server]A network-related or instance-specific error has occurred while establishing a connection to SQL Server. Server is not found or not accessible. Check if instance name is correct and if SQL Server is configured to allow remote connections. For more information see SQL Server Books Online. (258)')
2026-02-25 12:59:12 | INFO     | scheduler | ✅ Initial training complete
2026-02-25 12:59:12 | INFO     | apscheduler.executors.default | Job "Initial Model Training (trigger: date[2026-02-25 12:58:41 EAT], next run at: 2026-02-25 12:58:41 EAT)" executed successfully
2026-02-25 14:00:00 | INFO     | apscheduler.executors.default | Running job "Daily Anomaly Detection Training (trigger: cron[hour='14', minute='0'], next run at: 2026-02-26 14:00:00 EAT)" (scheduled at 2026-02-25 14:00:00+03:00)
2026-02-25 14:00:00 | INFO     | scheduler | 🔄 Starting scheduled anomaly detection training...
2026-02-25 14:00:00 | INFO     | models.anomaly_detector | 🔄 Starting anomaly detection training...
2026-02-25 14:00:00 | INFO     | apscheduler.executors.default | Running job "Daily Anomaly Detection Training (trigger: cron[hour='14', minute='0'], next run at: 2026-02-26 14:00:00 EAT)" (scheduled at 2026-02-25 14:00:00+03:00)
2026-02-25 14:00:00 | INFO     | scheduler | 🔄 Starting scheduled anomaly detection training...
2026-02-25 14:00:00 | INFO     | models.anomaly_detector | 🔄 Starting anomaly detection training...
2026-02-25 14:00:15 | ERROR    | models.anomaly_detector | ❌ Anomaly training failed: ('08001', '[08001] [Microsoft][ODBC Driver 17 for SQL Server]TCP Provider: The wait operation timed out.\r\n (258) (SQLDriverConnect); [08001] [Microsoft][ODBC Driver 17 for SQL Server]Login timeout expired (0); [08001] [Microsoft][ODBC Driver 17 for SQL Server]A network-related or instance-specific error has occurred while establishing a connection to SQL Server. Server is not found or not accessible. Check if instance name is correct and if SQL Server is configured to allow remote connections. For more information see SQL Server Books Online. (258)')
2026-02-25 14:00:15 | ERROR    | scheduler | ❌ Anomaly detection training failed: ('08001', '[08001] [Microsoft][ODBC Driver 17 for SQL Server]TCP Provider: The wait operation timed out.\r\n (258) (SQLDriverConnect); [08001] [Microsoft][ODBC Driver 17 for SQL Server]Login timeout expired (0); [08001] [Microsoft][ODBC Driver 17 for SQL Server]A network-related or instance-specific error has occurred while establishing a connection to SQL Server. Server is not found or not accessible. Check if instance name is correct and if SQL Server is configured to allow remote connections. For more information see SQL Server Books Online. (258)')
2026-02-25 14:00:15 | INFO     | apscheduler.executors.default | Job "Daily Anomaly Detection Training (trigger: cron[hour='14', minute='0'], next run at: 2026-02-26 14:00:00 EAT)" executed successfully
2026-02-25 14:00:15 | ERROR    | models.anomaly_detector | ❌ Anomaly training failed: ('08001', '[08001] [Microsoft][ODBC Driver 17 for SQL Server]TCP Provider: The wait operation timed out.\r\n (258) (SQLDriverConnect); [08001] [Microsoft][ODBC Driver 17 for SQL Server]Login timeout expired (0); [08001] [Microsoft][ODBC Driver 17 for SQL Server]A network-related or instance-specific error has occurred while establishing a connection to SQL Server. Server is not found or not accessible. Check if instance name is correct and if SQL Server is configured to allow remote connections. For more information see SQL Server Books Online. (258)')
2026-02-25 14:00:15 | ERROR    | scheduler | ❌ Anomaly detection training failed: ('08001', '[08001] [Microsoft][ODBC Driver 17 for SQL Server]TCP Provider: The wait operation timed out.\r\n (258) (SQLDriverConnect); [08001] [Microsoft][ODBC Driver 17 for SQL Server]Login timeout expired (0); [08001] [Microsoft][ODBC Driver 17 for SQL Server]A network-related or instance-specific error has occurred while establishing a connection to SQL Server. Server is not found or not accessible. Check if instance name is correct and if SQL Server is configured to allow remote connections. For more information see SQL Server Books Online. (258)')
2026-02-25 14:00:15 | INFO     | apscheduler.executors.default | Job "Daily Anomaly Detection Training (trigger: cron[hour='14', minute='0'], next run at: 2026-02-26 14:00:00 EAT)" executed successfully
2026-02-25 15:00:00 | INFO     | apscheduler.executors.default | Running job "Daily Forecast Training (trigger: cron[hour='15', minute='0'], next run at: 2026-02-26 15:00:00 EAT)" (scheduled at 2026-02-25 15:00:00+03:00)
2026-02-25 15:00:00 | INFO     | scheduler | 🔄 Starting scheduled forecast training...
2026-02-25 15:00:00 | INFO     | models.forecast_model | 🔄 Starting forecast training...
2026-02-25 15:00:00 | INFO     | apscheduler.executors.default | Running job "Daily Forecast Training (trigger: cron[hour='15', minute='0'], next run at: 2026-02-26 15:00:00 EAT)" (scheduled at 2026-02-25 15:00:00+03:00)
2026-02-25 15:00:00 | INFO     | scheduler | 🔄 Starting scheduled forecast training...
2026-02-25 15:00:00 | INFO     | models.forecast_model | 🔄 Starting forecast training...
2026-02-25 15:00:16 | ERROR    | models.forecast_model | ❌ Forecast training failed: ('08001', '[08001] [Microsoft][ODBC Driver 17 for SQL Server]TCP Provider: The wait operation timed out.\r\n (258) (SQLDriverConnect); [08001] [Microsoft][ODBC Driver 17 for SQL Server]Login timeout expired (0); [08001] [Microsoft][ODBC Driver 17 for SQL Server]A network-related or instance-specific error has occurred while establishing a connection to SQL Server. Server is not found or not accessible. Check if instance name is correct and if SQL Server is configured to allow remote connections. For more information see SQL Server Books Online. (258)')
2026-02-25 15:00:16 | ERROR    | scheduler | ❌ Forecast training failed: ('08001', '[08001] [Microsoft][ODBC Driver 17 for SQL Server]TCP Provider: The wait operation timed out.\r\n (258) (SQLDriverConnect); [08001] [Microsoft][ODBC Driver 17 for SQL Server]Login timeout expired (0); [08001] [Microsoft][ODBC Driver 17 for SQL Server]A network-related or instance-specific error has occurred while establishing a connection to SQL Server. Server is not found or not accessible. Check if instance name is correct and if SQL Server is configured to allow remote connections. For more information see SQL Server Books Online. (258)')
2026-02-25 15:00:16 | INFO     | apscheduler.executors.default | Job "Daily Forecast Training (trigger: cron[hour='15', minute='0'], next run at: 2026-02-26 15:00:00 EAT)" executed successfully
2026-02-25 15:00:18 | ERROR    | models.forecast_model | ❌ Forecast training failed: ('08001', '[08001] [Microsoft][ODBC Driver 17 for SQL Server]TCP Provider: The wait operation timed out.\r\n (258) (SQLDriverConnect); [08001] [Microsoft][ODBC Driver 17 for SQL Server]Login timeout expired (0); [08001] [Microsoft][ODBC Driver 17 for SQL Server]A network-related or instance-specific error has occurred while establishing a connection to SQL Server. Server is not found or not accessible. Check if instance name is correct and if SQL Server is configured to allow remote connections. For more information see SQL Server Books Online. (258)')
2026-02-25 15:00:18 | ERROR    | scheduler | ❌ Forecast training failed: ('08001', '[08001] [Microsoft][ODBC Driver 17 for SQL Server]TCP Provider: The wait operation timed out.\r\n (258) (SQLDriverConnect); [08001] [Microsoft][ODBC Driver 17 for SQL Server]Login timeout expired (0); [08001] [Microsoft][ODBC Driver 17 for SQL Server]A network-related or instance-specific error has occurred while establishing a connection to SQL Server. Server is not found or not accessible. Check if instance name is correct and if SQL Server is configured to allow remote connections. For more information see SQL Server Books Online. (258)')
2026-02-25 15:00:18 | INFO     | apscheduler.executors.default | Job "Daily Forecast Training (trigger: cron[hour='15', minute='0'], next run at: 2026-02-26 15:00:00 EAT)" executed successfully
2026-02-26 09:03:16 | INFO     | models.anomaly_detector | ✅ Loaded existing anomaly detection model from disk
2026-02-26 09:03:16 | INFO     | models.anomaly_detector | ✅ Loaded existing anomaly detection model from disk
2026-02-26 09:03:16 | INFO     | main | 🚀 Starting Transaction Monitoring API...
2026-02-26 09:03:16 | INFO     | apscheduler.scheduler | Adding job tentatively -- it will be properly scheduled when the scheduler starts
2026-02-26 09:03:16 | INFO     | apscheduler.scheduler | Adding job tentatively -- it will be properly scheduled when the scheduler starts
2026-02-26 09:03:16 | INFO     | apscheduler.scheduler | Adding job tentatively -- it will be properly scheduled when the scheduler starts
2026-02-26 09:03:16 | INFO     | apscheduler.scheduler | Added job "Daily Anomaly Detection Training" to job store "default"
2026-02-26 09:03:16 | INFO     | apscheduler.scheduler | Added job "Daily Forecast Training" to job store "default"
2026-02-26 09:03:16 | INFO     | apscheduler.scheduler | Added job "Initial Model Training" to job store "default"
2026-02-26 09:03:16 | INFO     | apscheduler.scheduler | Scheduler started
2026-02-26 09:03:16 | INFO     | scheduler | ✅ Scheduler started successfully
2026-02-26 09:03:16 | INFO     | apscheduler.executors.default | Running job "Initial Model Training (trigger: date[2026-02-26 09:03:16 EAT], next run at: 2026-02-26 09:03:16 EAT)" (scheduled at 2026-02-26 09:03:16.607300+03:00)
2026-02-26 09:03:16 | INFO     | apscheduler.scheduler | Removed job initial_training
2026-02-26 09:03:16 | INFO     | scheduler | 📅 Anomaly training scheduled: Daily at 2:00 PM
2026-02-26 09:03:16 | INFO     | scheduler | 🚀 Running initial model training...
2026-02-26 09:03:16 | INFO     | scheduler | 📅 Forecast training scheduled: Daily at 3:00 PM
2026-02-26 09:03:16 | INFO     | scheduler | 🔄 Starting scheduled anomaly detection training...
2026-02-26 09:03:16 | INFO     | main | ✅ Scheduler started — initial training running in background
2026-02-26 09:03:16 | INFO     | models.anomaly_detector | 🔄 Starting anomaly detection training...
2026-02-26 09:03:31 | ERROR    | models.anomaly_detector | ❌ Anomaly training failed: ('08001', '[08001] [Microsoft][ODBC Driver 17 for SQL Server]TCP Provider: The wait operation timed out.\r\n (258) (SQLDriverConnect); [08001] [Microsoft][ODBC Driver 17 for SQL Server]Login timeout expired (0); [08001] [Microsoft][ODBC Driver 17 for SQL Server]A network-related or instance-specific error has occurred while establishing a connection to SQL Server. Server is not found or not accessible. Check if instance name is correct and if SQL Server is configured to allow remote connections. For more information see SQL Server Books Online. (258)')
2026-02-26 09:03:31 | ERROR    | scheduler | ❌ Anomaly detection training failed: ('08001', '[08001] [Microsoft][ODBC Driver 17 for SQL Server]TCP Provider: The wait operation timed out.\r\n (258) (SQLDriverConnect); [08001] [Microsoft][ODBC Driver 17 for SQL Server]Login timeout expired (0); [08001] [Microsoft][ODBC Driver 17 for SQL Server]A network-related or instance-specific error has occurred while establishing a connection to SQL Server. Server is not found or not accessible. Check if instance name is correct and if SQL Server is configured to allow remote connections. For more information see SQL Server Books Online. (258)')
2026-02-26 09:03:31 | INFO     | scheduler | 🔄 Starting scheduled forecast training...
2026-02-26 09:03:31 | INFO     | models.forecast_model | 🔄 Starting forecast training...
2026-02-26 09:03:46 | ERROR    | models.forecast_model | ❌ Forecast training failed: ('08001', '[08001] [Microsoft][ODBC Driver 17 for SQL Server]TCP Provider: The wait operation timed out.\r\n (258) (SQLDriverConnect); [08001] [Microsoft][ODBC Driver 17 for SQL Server]Login timeout expired (0); [08001] [Microsoft][ODBC Driver 17 for SQL Server]A network-related or instance-specific error has occurred while establishing a connection to SQL Server. Server is not found or not accessible. Check if instance name is correct and if SQL Server is configured to allow remote connections. For more information see SQL Server Books Online. (258)')
2026-02-26 09:03:46 | ERROR    | scheduler | ❌ Forecast training failed: ('08001', '[08001] [Microsoft][ODBC Driver 17 for SQL Server]TCP Provider: The wait operation timed out.\r\n (258) (SQLDriverConnect); [08001] [Microsoft][ODBC Driver 17 for SQL Server]Login timeout expired (0); [08001] [Microsoft][ODBC Driver 17 for SQL Server]A network-related or instance-specific error has occurred while establishing a connection to SQL Server. Server is not found or not accessible. Check if instance name is correct and if SQL Server is configured to allow remote connections. For more information see SQL Server Books Online. (258)')
2026-02-26 09:03:46 | INFO     | scheduler | ✅ Initial training complete
2026-02-26 09:03:46 | INFO     | apscheduler.executors.default | Job "Initial Model Training (trigger: date[2026-02-26 09:03:16 EAT], next run at: 2026-02-26 09:03:16 EAT)" executed successfully
2026-02-26 14:00:00 | INFO     | apscheduler.executors.default | Running job "Daily Anomaly Detection Training (trigger: cron[hour='14', minute='0'], next run at: 2026-02-27 14:00:00 EAT)" (scheduled at 2026-02-26 14:00:00+03:00)
2026-02-26 14:00:00 | INFO     | scheduler | 🔄 Starting scheduled anomaly detection training...
2026-02-26 14:00:00 | INFO     | models.anomaly_detector | 🔄 Starting anomaly detection training...
2026-02-26 14:00:15 | ERROR    | models.anomaly_detector | ❌ Anomaly training failed: ('08001', '[08001] [Microsoft][ODBC Driver 17 for SQL Server]TCP Provider: The wait operation timed out.\r\n (258) (SQLDriverConnect); [08001] [Microsoft][ODBC Driver 17 for SQL Server]Login timeout expired (0); [08001] [Microsoft][ODBC Driver 17 for SQL Server]A network-related or instance-specific error has occurred while establishing a connection to SQL Server. Server is not found or not accessible. Check if instance name is correct and if SQL Server is configured to allow remote connections. For more information see SQL Server Books Online. (258)')
2026-02-26 14:00:15 | ERROR    | scheduler | ❌ Anomaly detection training failed: ('08001', '[08001] [Microsoft][ODBC Driver 17 for SQL Server]TCP Provider: The wait operation timed out.\r\n (258) (SQLDriverConnect); [08001] [Microsoft][ODBC Driver 17 for SQL Server]Login timeout expired (0); [08001] [Microsoft][ODBC Driver 17 for SQL Server]A network-related or instance-specific error has occurred while establishing a connection to SQL Server. Server is not found or not accessible. Check if instance name is correct and if SQL Server is configured to allow remote connections. For more information see SQL Server Books Online. (258)')
2026-02-26 14:00:15 | INFO     | apscheduler.executors.default | Job "Daily Anomaly Detection Training (trigger: cron[hour='14', minute='0'], next run at: 2026-02-27 14:00:00 EAT)" executed successfully
2026-02-26 15:00:00 | INFO     | apscheduler.executors.default | Running job "Daily Forecast Training (trigger: cron[hour='15', minute='0'], next run at: 2026-02-27 15:00:00 EAT)" (scheduled at 2026-02-26 15:00:00+03:00)
2026-02-26 15:00:00 | INFO     | scheduler | 🔄 Starting scheduled forecast training...
2026-02-26 15:00:00 | INFO     | models.forecast_model | 🔄 Starting forecast training...
2026-02-26 15:00:15 | ERROR    | models.forecast_model | ❌ Forecast training failed: ('08001', '[08001] [Microsoft][ODBC Driver 17 for SQL Server]TCP Provider: The wait operation timed out.\r\n (258) (SQLDriverConnect); [08001] [Microsoft][ODBC Driver 17 for SQL Server]Login timeout expired (0); [08001] [Microsoft][ODBC Driver 17 for SQL Server]A network-related or instance-specific error has occurred while establishing a connection to SQL Server. Server is not found or not accessible. Check if instance name is correct and if SQL Server is configured to allow remote connections. For more information see SQL Server Books Online. (258)')
2026-02-26 15:00:15 | ERROR    | scheduler | ❌ Forecast training failed: ('08001', '[08001] [Microsoft][ODBC Driver 17 for SQL Server]TCP Provider: The wait operation timed out.\r\n (258) (SQLDriverConnect); [08001] [Microsoft][ODBC Driver 17 for SQL Server]Login timeout expired (0); [08001] [Microsoft][ODBC Driver 17 for SQL Server]A network-related or instance-specific error has occurred while establishing a connection to SQL Server. Server is not found or not accessible. Check if instance name is correct and if SQL Server is configured to allow remote connections. For more information see SQL Server Books Online. (258)')
2026-02-26 15:00:15 | INFO     | apscheduler.executors.default | Job "Daily Forecast Training (trigger: cron[hour='15', minute='0'], next run at: 2026-02-27 15:00:00 EAT)" executed successfully
2026-03-03 10:42:55 | INFO     | models.anomaly_detector | ✅ Loaded existing anomaly detection model from disk
2026-03-03 10:42:55 | INFO     | main | 🚀 Starting Transaction Monitoring API...
2026-03-03 10:42:55 | INFO     | apscheduler.scheduler | Adding job tentatively -- it will be properly scheduled when the scheduler starts
2026-03-03 10:42:55 | INFO     | apscheduler.scheduler | Adding job tentatively -- it will be properly scheduled when the scheduler starts
2026-03-03 10:42:55 | INFO     | apscheduler.scheduler | Adding job tentatively -- it will be properly scheduled when the scheduler starts
2026-03-03 10:42:55 | INFO     | apscheduler.scheduler | Added job "Daily Anomaly Detection Training" to job store "default"
2026-03-03 10:42:55 | INFO     | apscheduler.scheduler | Added job "Daily Forecast Training" to job store "default"
2026-03-03 10:42:55 | INFO     | apscheduler.scheduler | Added job "Initial Model Training" to job store "default"
2026-03-03 10:42:55 | INFO     | apscheduler.scheduler | Scheduler started
2026-03-03 10:42:55 | INFO     | scheduler | ✅ Scheduler started successfully
2026-03-03 10:42:55 | INFO     | scheduler | 📅 Anomaly training scheduled: Daily at 2:00 PM
2026-03-03 10:42:55 | INFO     | apscheduler.executors.default | Running job "Initial Model Training (trigger: date[2026-03-03 10:42:55 EAT], next run at: 2026-03-03 10:42:55 EAT)" (scheduled at 2026-03-03 10:42:55.198749+03:00)
2026-03-03 10:42:55 | INFO     | apscheduler.scheduler | Removed job initial_training
2026-03-03 10:42:55 | INFO     | scheduler | 📅 Forecast training scheduled: Daily at 3:00 PM
2026-03-03 10:42:55 | INFO     | scheduler | 🚀 Running initial model training...
2026-03-03 10:42:55 | INFO     | main | ✅ Scheduler started — initial training running in background
2026-03-03 10:42:55 | INFO     | scheduler | 🔄 Starting scheduled anomaly detection training...
2026-03-03 10:42:55 | INFO     | models.anomaly_detector | 🔄 Starting anomaly detection training...
2026-03-03 10:43:10 | ERROR    | models.anomaly_detector | ❌ Anomaly training failed: ('08001', '[08001] [Microsoft][ODBC Driver 17 for SQL Server]TCP Provider: The wait operation timed out.\r\n (258) (SQLDriverConnect); [08001] [Microsoft][ODBC Driver 17 for SQL Server]Login timeout expired (0); [08001] [Microsoft][ODBC Driver 17 for SQL Server]A network-related or instance-specific error has occurred while establishing a connection to SQL Server. Server is not found or not accessible. Check if instance name is correct and if SQL Server is configured to allow remote connections. For more information see SQL Server Books Online. (258)')
2026-03-03 10:43:10 | ERROR    | scheduler | ❌ Anomaly detection training failed: ('08001', '[08001] [Microsoft][ODBC Driver 17 for SQL Server]TCP Provider: The wait operation timed out.\r\n (258) (SQLDriverConnect); [08001] [Microsoft][ODBC Driver 17 for SQL Server]Login timeout expired (0); [08001] [Microsoft][ODBC Driver 17 for SQL Server]A network-related or instance-specific error has occurred while establishing a connection to SQL Server. Server is not found or not accessible. Check if instance name is correct and if SQL Server is configured to allow remote connections. For more information see SQL Server Books Online. (258)')
2026-03-03 10:43:10 | INFO     | scheduler | 🔄 Starting scheduled forecast training...
2026-03-03 10:43:10 | INFO     | models.forecast_model | 🔄 Starting forecast training...
2026-03-03 10:43:25 | ERROR    | models.forecast_model | ❌ Forecast training failed: ('08001', '[08001] [Microsoft][ODBC Driver 17 for SQL Server]TCP Provider: The wait operation timed out.\r\n (258) (SQLDriverConnect); [08001] [Microsoft][ODBC Driver 17 for SQL Server]Login timeout expired (0); [08001] [Microsoft][ODBC Driver 17 for SQL Server]A network-related or instance-specific error has occurred while establishing a connection to SQL Server. Server is not found or not accessible. Check if instance name is correct and if SQL Server is configured to allow remote connections. For more information see SQL Server Books Online. (258)')
2026-03-03 10:43:25 | ERROR    | scheduler | ❌ Forecast training failed: ('08001', '[08001] [Microsoft][ODBC Driver 17 for SQL Server]TCP Provider: The wait operation timed out.\r\n (258) (SQLDriverConnect); [08001] [Microsoft][ODBC Driver 17 for SQL Server]Login timeout expired (0); [08001] [Microsoft][ODBC Driver 17 for SQL Server]A network-related or instance-specific error has occurred while establishing a connection to SQL Server. Server is not found or not accessible. Check if instance name is correct and if SQL Server is configured to allow remote connections. For more information see SQL Server Books Online. (258)')
2026-03-03 10:43:25 | INFO     | scheduler | ✅ Initial training complete
2026-03-03 10:43:25 | INFO     | apscheduler.executors.default | Job "Initial Model Training (trigger: date[2026-03-03 10:42:55 EAT], next run at: 2026-03-03 10:42:55 EAT)" executed successfully
2026-03-03 14:14:59 | WARNING  | apscheduler.executors.default | Run time of job "Daily Anomaly Detection Training (trigger: cron[hour='14', minute='0'], next run at: 2026-03-04 14:00:00 EAT)" was missed by 0:14:59.141858
2026-03-03 15:00:00 | INFO     | apscheduler.executors.default | Running job "Daily Forecast Training (trigger: cron[hour='15', minute='0'], next run at: 2026-03-04 15:00:00 EAT)" (scheduled at 2026-03-03 15:00:00+03:00)
2026-03-03 15:00:00 | INFO     | scheduler | 🔄 Starting scheduled forecast training...
2026-03-03 15:00:00 | INFO     | models.forecast_model | 🔄 Starting forecast training...
2026-03-03 15:00:15 | ERROR    | models.forecast_model | ❌ Forecast training failed: ('08001', '[08001] [Microsoft][ODBC Driver 17 for SQL Server]TCP Provider: The wait operation timed out.\r\n (258) (SQLDriverConnect); [08001] [Microsoft][ODBC Driver 17 for SQL Server]Login timeout expired (0); [08001] [Microsoft][ODBC Driver 17 for SQL Server]A network-related or instance-specific error has occurred while establishing a connection to SQL Server. Server is not found or not accessible. Check if instance name is correct and if SQL Server is configured to allow remote connections. For more information see SQL Server Books Online. (258)')
2026-03-03 15:00:15 | ERROR    | scheduler | ❌ Forecast training failed: ('08001', '[08001] [Microsoft][ODBC Driver 17 for SQL Server]TCP Provider: The wait operation timed out.\r\n (258) (SQLDriverConnect); [08001] [Microsoft][ODBC Driver 17 for SQL Server]Login timeout expired (0); [08001] [Microsoft][ODBC Driver 17 for SQL Server]A network-related or instance-specific error has occurred while establishing a connection to SQL Server. Server is not found or not accessible. Check if instance name is correct and if SQL Server is configured to allow remote connections. For more information see SQL Server Books Online. (258)')
2026-03-03 15:00:15 | INFO     | apscheduler.executors.default | Job "Daily Forecast Training (trigger: cron[hour='15', minute='0'], next run at: 2026-03-04 15:00:00 EAT)" executed successfully
2026-03-04 10:42:34 | INFO     | models.anomaly_detector | ✅ Loaded existing anomaly detection model from disk
2026-03-04 10:42:34 | INFO     | main | 🚀 Starting Transaction Monitoring API...
2026-03-04 10:42:34 | INFO     | apscheduler.scheduler | Adding job tentatively -- it will be properly scheduled when the scheduler starts
2026-03-04 10:42:34 | INFO     | apscheduler.scheduler | Adding job tentatively -- it will be properly scheduled when the scheduler starts
2026-03-04 10:42:35 | INFO     | apscheduler.scheduler | Adding job tentatively -- it will be properly scheduled when the scheduler starts
2026-03-04 10:42:35 | INFO     | apscheduler.scheduler | Added job "Daily Anomaly Detection Training" to job store "default"
2026-03-04 10:42:35 | INFO     | apscheduler.scheduler | Added job "Daily Forecast Training" to job store "default"
2026-03-04 10:42:35 | INFO     | apscheduler.scheduler | Added job "Initial Model Training" to job store "default"
2026-03-04 10:42:35 | INFO     | apscheduler.scheduler | Scheduler started
2026-03-04 10:42:35 | INFO     | scheduler | ✅ Scheduler started successfully
2026-03-04 10:42:35 | INFO     | scheduler | 📅 Anomaly training scheduled: Daily at 2:00 PM
2026-03-04 10:42:35 | INFO     | apscheduler.executors.default | Running job "Initial Model Training (trigger: date[2026-03-04 10:42:35 EAT], next run at: 2026-03-04 10:42:35 EAT)" (scheduled at 2026-03-04 10:42:35.007510+03:00)
2026-03-04 10:42:35 | INFO     | apscheduler.scheduler | Removed job initial_training
2026-03-04 10:42:35 | INFO     | scheduler | 📅 Forecast training scheduled: Daily at 3:00 PM
2026-03-04 10:42:35 | INFO     | scheduler | 🚀 Running initial model training...
2026-03-04 10:42:35 | INFO     | main | ✅ Scheduler started — initial training running in background
2026-03-04 10:42:35 | INFO     | scheduler | 🔄 Starting scheduled anomaly detection training...
2026-03-04 10:42:35 | INFO     | models.anomaly_detector | 🔄 Starting anomaly detection training...
2026-03-04 10:42:51 | ERROR    | models.anomaly_detector | ❌ Anomaly training failed: ('08001', '[08001] [Microsoft][ODBC Driver 17 for SQL Server]TCP Provider: The wait operation timed out.\r\n (258) (SQLDriverConnect); [08001] [Microsoft][ODBC Driver 17 for SQL Server]Login timeout expired (0); [08001] [Microsoft][ODBC Driver 17 for SQL Server]A network-related or instance-specific error has occurred while establishing a connection to SQL Server. Server is not found or not accessible. Check if instance name is correct and if SQL Server is configured to allow remote connections. For more information see SQL Server Books Online. (258)')
2026-03-04 10:42:51 | ERROR    | scheduler | ❌ Anomaly detection training failed: ('08001', '[08001] [Microsoft][ODBC Driver 17 for SQL Server]TCP Provider: The wait operation timed out.\r\n (258) (SQLDriverConnect); [08001] [Microsoft][ODBC Driver 17 for SQL Server]Login timeout expired (0); [08001] [Microsoft][ODBC Driver 17 for SQL Server]A network-related or instance-specific error has occurred while establishing a connection to SQL Server. Server is not found or not accessible. Check if instance name is correct and if SQL Server is configured to allow remote connections. For more information see SQL Server Books Online. (258)')
2026-03-04 10:42:51 | INFO     | scheduler | 🔄 Starting scheduled forecast training...
2026-03-04 10:42:51 | INFO     | models.forecast_model | 🔄 Starting forecast training...
2026-03-04 10:43:06 | ERROR    | models.forecast_model | ❌ Forecast training failed: ('08001', '[08001] [Microsoft][ODBC Driver 17 for SQL Server]TCP Provider: The wait operation timed out.\r\n (258) (SQLDriverConnect); [08001] [Microsoft][ODBC Driver 17 for SQL Server]Login timeout expired (0); [08001] [Microsoft][ODBC Driver 17 for SQL Server]A network-related or instance-specific error has occurred while establishing a connection to SQL Server. Server is not found or not accessible. Check if instance name is correct and if SQL Server is configured to allow remote connections. For more information see SQL Server Books Online. (258)')
2026-03-04 10:43:06 | ERROR    | scheduler | ❌ Forecast training failed: ('08001', '[08001] [Microsoft][ODBC Driver 17 for SQL Server]TCP Provider: The wait operation timed out.\r\n (258) (SQLDriverConnect); [08001] [Microsoft][ODBC Driver 17 for SQL Server]Login timeout expired (0); [08001] [Microsoft][ODBC Driver 17 for SQL Server]A network-related or instance-specific error has occurred while establishing a connection to SQL Server. Server is not found or not accessible. Check if instance name is correct and if SQL Server is configured to allow remote connections. For more information see SQL Server Books Online. (258)')
2026-03-04 10:43:06 | INFO     | scheduler | ✅ Initial training complete
2026-03-04 10:43:06 | INFO     | apscheduler.executors.default | Job "Initial Model Training (trigger: date[2026-03-04 10:42:35 EAT], next run at: 2026-03-04 10:42:35 EAT)" executed successfully
2026-03-04 14:00:00 | INFO     | apscheduler.executors.default | Running job "Daily Anomaly Detection Training (trigger: cron[hour='14', minute='0'], next run at: 2026-03-05 14:00:00 EAT)" (scheduled at 2026-03-04 14:00:00+03:00)
2026-03-04 14:00:00 | INFO     | scheduler | 🔄 Starting scheduled anomaly detection training...
2026-03-04 14:00:00 | INFO     | models.anomaly_detector | 🔄 Starting anomaly detection training...
2026-03-04 14:00:15 | ERROR    | models.anomaly_detector | ❌ Anomaly training failed: ('08001', '[08001] [Microsoft][ODBC Driver 17 for SQL Server]TCP Provider: The wait operation timed out.\r\n (258) (SQLDriverConnect); [08001] [Microsoft][ODBC Driver 17 for SQL Server]Login timeout expired (0); [08001] [Microsoft][ODBC Driver 17 for SQL Server]A network-related or instance-specific error has occurred while establishing a connection to SQL Server. Server is not found or not accessible. Check if instance name is correct and if SQL Server is configured to allow remote connections. For more information see SQL Server Books Online. (258)')
2026-03-04 14:00:15 | ERROR    | scheduler | ❌ Anomaly detection training failed: ('08001', '[08001] [Microsoft][ODBC Driver 17 for SQL Server]TCP Provider: The wait operation timed out.\r\n (258) (SQLDriverConnect); [08001] [Microsoft][ODBC Driver 17 for SQL Server]Login timeout expired (0); [08001] [Microsoft][ODBC Driver 17 for SQL Server]A network-related or instance-specific error has occurred while establishing a connection to SQL Server. Server is not found or not accessible. Check if instance name is correct and if SQL Server is configured to allow remote connections. For more information see SQL Server Books Online. (258)')
2026-03-04 14:00:15 | INFO     | apscheduler.executors.default | Job "Daily Anomaly Detection Training (trigger: cron[hour='14', minute='0'], next run at: 2026-03-05 14:00:00 EAT)" executed successfully
2026-03-04 15:00:00 | INFO     | apscheduler.executors.default | Running job "Daily Forecast Training (trigger: cron[hour='15', minute='0'], next run at: 2026-03-05 15:00:00 EAT)" (scheduled at 2026-03-04 15:00:00+03:00)
2026-03-04 15:00:00 | INFO     | scheduler | 🔄 Starting scheduled forecast training...
2026-03-04 15:00:00 | INFO     | models.forecast_model | 🔄 Starting forecast training...
2026-03-04 15:00:15 | ERROR    | models.forecast_model | ❌ Forecast training failed: ('08001', '[08001] [Microsoft][ODBC Driver 17 for SQL Server]TCP Provider: The wait operation timed out.\r\n (258) (SQLDriverConnect); [08001] [Microsoft][ODBC Driver 17 for SQL Server]Login timeout expired (0); [08001] [Microsoft][ODBC Driver 17 for SQL Server]A network-related or instance-specific error has occurred while establishing a connection to SQL Server. Server is not found or not accessible. Check if instance name is correct and if SQL Server is configured to allow remote connections. For more information see SQL Server Books Online. (258)')
2026-03-04 15:00:15 | ERROR    | scheduler | ❌ Forecast training failed: ('08001', '[08001] [Microsoft][ODBC Driver 17 for SQL Server]TCP Provider: The wait operation timed out.\r\n (258) (SQLDriverConnect); [08001] [Microsoft][ODBC Driver 17 for SQL Server]Login timeout expired (0); [08001] [Microsoft][ODBC Driver 17 for SQL Server]A network-related or instance-specific error has occurred while establishing a connection to SQL Server. Server is not found or not accessible. Check if instance name is correct and if SQL Server is configured to allow remote connections. For more information see SQL Server Books Online. (258)')
2026-03-04 15:00:15 | INFO     | apscheduler.executors.default | Job "Daily Forecast Training (trigger: cron[hour='15', minute='0'], next run at: 2026-03-05 15:00:00 EAT)" executed successfully
2026-03-05 10:42:28 | INFO     | models.anomaly_detector | ✅ Loaded existing anomaly detection model from disk
2026-03-05 10:42:28 | INFO     | main | 🚀 Starting Transaction Monitoring API...
2026-03-05 10:42:28 | INFO     | apscheduler.scheduler | Adding job tentatively -- it will be properly scheduled when the scheduler starts
2026-03-05 10:42:28 | INFO     | apscheduler.scheduler | Adding job tentatively -- it will be properly scheduled when the scheduler starts
2026-03-05 10:42:28 | INFO     | apscheduler.scheduler | Adding job tentatively -- it will be properly scheduled when the scheduler starts
2026-03-05 10:42:28 | INFO     | apscheduler.scheduler | Added job "Daily Anomaly Detection Training" to job store "default"
2026-03-05 10:42:28 | INFO     | apscheduler.scheduler | Added job "Daily Forecast Training" to job store "default"
2026-03-05 10:42:28 | INFO     | apscheduler.scheduler | Added job "Initial Model Training" to job store "default"
2026-03-05 10:42:28 | INFO     | apscheduler.scheduler | Scheduler started
2026-03-05 10:42:28 | INFO     | scheduler | ✅ Scheduler started successfully
2026-03-05 10:42:28 | INFO     | apscheduler.executors.default | Running job "Initial Model Training (trigger: date[2026-03-05 10:42:28 EAT], next run at: 2026-03-05 10:42:28 EAT)" (scheduled at 2026-03-05 10:42:28.174590+03:00)
2026-03-05 10:42:28 | INFO     | apscheduler.scheduler | Removed job initial_training
2026-03-05 10:42:28 | INFO     | scheduler | 📅 Anomaly training scheduled: Daily at 2:00 PM
2026-03-05 10:42:28 | INFO     | scheduler | 🚀 Running initial model training...
2026-03-05 10:42:28 | INFO     | scheduler | 📅 Forecast training scheduled: Daily at 3:00 PM
2026-03-05 10:42:28 | INFO     | scheduler | 🔄 Starting scheduled anomaly detection training...
2026-03-05 10:42:28 | INFO     | main | ✅ Scheduler started — initial training running in background
2026-03-05 10:42:28 | INFO     | models.anomaly_detector | 🔄 Starting anomaly detection training...
2026-03-05 10:42:43 | ERROR    | models.anomaly_detector | ❌ Anomaly training failed: ('08001', '[08001] [Microsoft][ODBC Driver 17 for SQL Server]TCP Provider: The wait operation timed out.\r\n (258) (SQLDriverConnect); [08001] [Microsoft][ODBC Driver 17 for SQL Server]Login timeout expired (0); [08001] [Microsoft][ODBC Driver 17 for SQL Server]A network-related or instance-specific error has occurred while establishing a connection to SQL Server. Server is not found or not accessible. Check if instance name is correct and if SQL Server is configured to allow remote connections. For more information see SQL Server Books Online. (258)')
2026-03-05 10:42:43 | ERROR    | scheduler | ❌ Anomaly detection training failed: ('08001', '[08001] [Microsoft][ODBC Driver 17 for SQL Server]TCP Provider: The wait operation timed out.\r\n (258) (SQLDriverConnect); [08001] [Microsoft][ODBC Driver 17 for SQL Server]Login timeout expired (0); [08001] [Microsoft][ODBC Driver 17 for SQL Server]A network-related or instance-specific error has occurred while establishing a connection to SQL Server. Server is not found or not accessible. Check if instance name is correct and if SQL Server is configured to allow remote connections. For more information see SQL Server Books Online. (258)')
2026-03-05 10:42:43 | INFO     | scheduler | 🔄 Starting scheduled forecast training...
2026-03-05 10:42:43 | INFO     | models.forecast_model | 🔄 Starting forecast training...
2026-03-05 10:42:58 | ERROR    | models.forecast_model | ❌ Forecast training failed: ('08001', '[08001] [Microsoft][ODBC Driver 17 for SQL Server]TCP Provider: The wait operation timed out.\r\n (258) (SQLDriverConnect); [08001] [Microsoft][ODBC Driver 17 for SQL Server]Login timeout expired (0); [08001] [Microsoft][ODBC Driver 17 for SQL Server]A network-related or instance-specific error has occurred while establishing a connection to SQL Server. Server is not found or not accessible. Check if instance name is correct and if SQL Server is configured to allow remote connections. For more information see SQL Server Books Online. (258)')
2026-03-05 10:42:58 | ERROR    | scheduler | ❌ Forecast training failed: ('08001', '[08001] [Microsoft][ODBC Driver 17 for SQL Server]TCP Provider: The wait operation timed out.\r\n (258) (SQLDriverConnect); [08001] [Microsoft][ODBC Driver 17 for SQL Server]Login timeout expired (0); [08001] [Microsoft][ODBC Driver 17 for SQL Server]A network-related or instance-specific error has occurred while establishing a connection to SQL Server. Server is not found or not accessible. Check if instance name is correct and if SQL Server is configured to allow remote connections. For more information see SQL Server Books Online. (258)')
2026-03-05 10:42:58 | INFO     | scheduler | ✅ Initial training complete
2026-03-05 10:42:58 | INFO     | apscheduler.executors.default | Job "Initial Model Training (trigger: date[2026-03-05 10:42:28 EAT], next run at: 2026-03-05 10:42:28 EAT)" executed successfully
2026-03-05 14:00:00 | INFO     | apscheduler.executors.default | Running job "Daily Anomaly Detection Training (trigger: cron[hour='14', minute='0'], next run at: 2026-03-06 14:00:00 EAT)" (scheduled at 2026-03-05 14:00:00+03:00)
2026-03-05 14:00:00 | INFO     | scheduler | 🔄 Starting scheduled anomaly detection training...
2026-03-05 14:00:00 | INFO     | models.anomaly_detector | 🔄 Starting anomaly detection training...
2026-03-05 14:00:15 | ERROR    | models.anomaly_detector | ❌ Anomaly training failed: ('08001', '[08001] [Microsoft][ODBC Driver 17 for SQL Server]TCP Provider: The wait operation timed out.\r\n (258) (SQLDriverConnect); [08001] [Microsoft][ODBC Driver 17 for SQL Server]Login timeout expired (0); [08001] [Microsoft][ODBC Driver 17 for SQL Server]A network-related or instance-specific error has occurred while establishing a connection to SQL Server. Server is not found or not accessible. Check if instance name is correct and if SQL Server is configured to allow remote connections. For more information see SQL Server Books Online. (258)')
2026-03-05 14:00:15 | ERROR    | scheduler | ❌ Anomaly detection training failed: ('08001', '[08001] [Microsoft][ODBC Driver 17 for SQL Server]TCP Provider: The wait operation timed out.\r\n (258) (SQLDriverConnect); [08001] [Microsoft][ODBC Driver 17 for SQL Server]Login timeout expired (0); [08001] [Microsoft][ODBC Driver 17 for SQL Server]A network-related or instance-specific error has occurred while establishing a connection to SQL Server. Server is not found or not accessible. Check if instance name is correct and if SQL Server is configured to allow remote connections. For more information see SQL Server Books Online. (258)')
2026-03-05 14:00:15 | INFO     | apscheduler.executors.default | Job "Daily Anomaly Detection Training (trigger: cron[hour='14', minute='0'], next run at: 2026-03-06 14:00:00 EAT)" executed successfully
2026-03-05 15:00:00 | INFO     | apscheduler.executors.default | Running job "Daily Forecast Training (trigger: cron[hour='15', minute='0'], next run at: 2026-03-06 15:00:00 EAT)" (scheduled at 2026-03-05 15:00:00+03:00)
2026-03-05 15:00:00 | INFO     | scheduler | 🔄 Starting scheduled forecast training...
2026-03-05 15:00:00 | INFO     | models.forecast_model | 🔄 Starting forecast training...
2026-03-05 15:00:15 | ERROR    | models.forecast_model | ❌ Forecast training failed: ('08001', '[08001] [Microsoft][ODBC Driver 17 for SQL Server]TCP Provider: The wait operation timed out.\r\n (258) (SQLDriverConnect); [08001] [Microsoft][ODBC Driver 17 for SQL Server]Login timeout expired (0); [08001] [Microsoft][ODBC Driver 17 for SQL Server]A network-related or instance-specific error has occurred while establishing a connection to SQL Server. Server is not found or not accessible. Check if instance name is correct and if SQL Server is configured to allow remote connections. For more information see SQL Server Books Online. (258)')
2026-03-05 15:00:15 | ERROR    | scheduler | ❌ Forecast training failed: ('08001', '[08001] [Microsoft][ODBC Driver 17 for SQL Server]TCP Provider: The wait operation timed out.\r\n (258) (SQLDriverConnect); [08001] [Microsoft][ODBC Driver 17 for SQL Server]Login timeout expired (0); [08001] [Microsoft][ODBC Driver 17 for SQL Server]A network-related or instance-specific error has occurred while establishing a connection to SQL Server. Server is not found or not accessible. Check if instance name is correct and if SQL Server is configured to allow remote connections. For more information see SQL Server Books Online. (258)')
2026-03-05 15:00:15 | INFO     | apscheduler.executors.default | Job "Daily Forecast Training (trigger: cron[hour='15', minute='0'], next run at: 2026-03-06 15:00:00 EAT)" executed successfully
2026-03-05 16:32:32 | INFO     | models.anomaly_detector | ✅ Loaded existing anomaly detection model from disk
2026-03-05 16:32:33 | INFO     | models.anomaly_detector | ✅ Loaded existing anomaly detection model from disk
2026-03-05 16:32:33 | INFO     | main | 🚀 Starting Transaction Monitoring API...
2026-03-05 16:32:33 | INFO     | apscheduler.scheduler | Adding job tentatively -- it will be properly scheduled when the scheduler starts
2026-03-05 16:32:33 | INFO     | apscheduler.scheduler | Adding job tentatively -- it will be properly scheduled when the scheduler starts
2026-03-05 16:32:33 | INFO     | apscheduler.scheduler | Adding job tentatively -- it will be properly scheduled when the scheduler starts
2026-03-05 16:32:33 | INFO     | apscheduler.scheduler | Added job "Daily Anomaly Detection Training" to job store "default"
2026-03-05 16:32:33 | INFO     | apscheduler.scheduler | Added job "Daily Forecast Training" to job store "default"
2026-03-05 16:32:33 | INFO     | apscheduler.scheduler | Added job "Initial Model Training" to job store "default"
2026-03-05 16:32:33 | INFO     | apscheduler.scheduler | Scheduler started
2026-03-05 16:32:33 | INFO     | scheduler | ✅ Scheduler started successfully
2026-03-05 16:32:33 | INFO     | scheduler | 📅 Anomaly training scheduled: Daily at 2:00 PM
2026-03-05 16:32:33 | INFO     | scheduler | 📅 Forecast training scheduled: Daily at 3:00 PM
2026-03-05 16:32:33 | INFO     | apscheduler.scheduler | Removed job initial_training
2026-03-05 16:32:33 | INFO     | main | ✅ Scheduler started — initial training running in background
2026-03-05 16:32:33 | INFO     | apscheduler.executors.default | Running job "Initial Model Training (trigger: date[2026-03-05 16:32:33 EAT], next run at: 2026-03-05 16:32:33 EAT)" (scheduled at 2026-03-05 16:32:33.440084+03:00)
2026-03-05 16:32:33 | INFO     | scheduler | 🚀 Running initial model training...
2026-03-05 16:32:33 | INFO     | scheduler | 🔄 Starting scheduled anomaly detection training...
2026-03-05 16:32:33 | INFO     | models.anomaly_detector | 🔄 Starting anomaly detection training...
2026-03-05 16:32:48 | ERROR    | models.anomaly_detector | ❌ Anomaly training failed: ('08001', '[08001] [Microsoft][ODBC Driver 17 for SQL Server]TCP Provider: The wait operation timed out.\r\n (258) (SQLDriverConnect); [08001] [Microsoft][ODBC Driver 17 for SQL Server]Login timeout expired (0); [08001] [Microsoft][ODBC Driver 17 for SQL Server]A network-related or instance-specific error has occurred while establishing a connection to SQL Server. Server is not found or not accessible. Check if instance name is correct and if SQL Server is configured to allow remote connections. For more information see SQL Server Books Online. (258)')
2026-03-05 16:32:48 | ERROR    | scheduler | ❌ Anomaly detection training failed: ('08001', '[08001] [Microsoft][ODBC Driver 17 for SQL Server]TCP Provider: The wait operation timed out.\r\n (258) (SQLDriverConnect); [08001] [Microsoft][ODBC Driver 17 for SQL Server]Login timeout expired (0); [08001] [Microsoft][ODBC Driver 17 for SQL Server]A network-related or instance-specific error has occurred while establishing a connection to SQL Server. Server is not found or not accessible. Check if instance name is correct and if SQL Server is configured to allow remote connections. For more information see SQL Server Books Online. (258)')
2026-03-05 16:32:48 | INFO     | scheduler | 🔄 Starting scheduled forecast training...
2026-03-05 16:32:48 | INFO     | models.forecast_model | 🔄 Starting forecast training...
2026-03-05 16:33:04 | ERROR    | models.forecast_model | ❌ Forecast training failed: ('08001', '[08001] [Microsoft][ODBC Driver 17 for SQL Server]TCP Provider: The wait operation timed out.\r\n (258) (SQLDriverConnect); [08001] [Microsoft][ODBC Driver 17 for SQL Server]Login timeout expired (0); [08001] [Microsoft][ODBC Driver 17 for SQL Server]A network-related or instance-specific error has occurred while establishing a connection to SQL Server. Server is not found or not accessible. Check if instance name is correct and if SQL Server is configured to allow remote connections. For more information see SQL Server Books Online. (258)')
2026-03-05 16:33:04 | ERROR    | scheduler | ❌ Forecast training failed: ('08001', '[08001] [Microsoft][ODBC Driver 17 for SQL Server]TCP Provider: The wait operation timed out.\r\n (258) (SQLDriverConnect); [08001] [Microsoft][ODBC Driver 17 for SQL Server]Login timeout expired (0); [08001] [Microsoft][ODBC Driver 17 for SQL Server]A network-related or instance-specific error has occurred while establishing a connection to SQL Server. Server is not found or not accessible. Check if instance name is correct and if SQL Server is configured to allow remote connections. For more information see SQL Server Books Online. (258)')
2026-03-05 16:33:04 | INFO     | scheduler | ✅ Initial training complete
2026-03-05 16:33:04 | INFO     | apscheduler.executors.default | Job "Initial Model Training (trigger: date[2026-03-05 16:32:33 EAT], next run at: 2026-03-05 16:32:33 EAT)" executed successfully
2026-03-05 16:34:50 | INFO     | models.anomaly_detector | ✅ Loaded existing anomaly detection model from disk
2026-03-05 16:34:50 | INFO     | models.anomaly_detector | ✅ Loaded existing anomaly detection model from disk
2026-03-05 16:34:50 | INFO     | main | 🚀 Starting Transaction Monitoring API...
2026-03-05 16:34:50 | INFO     | apscheduler.scheduler | Adding job tentatively -- it will be properly scheduled when the scheduler starts
2026-03-05 16:34:50 | INFO     | apscheduler.scheduler | Adding job tentatively -- it will be properly scheduled when the scheduler starts
2026-03-05 16:34:50 | INFO     | apscheduler.scheduler | Adding job tentatively -- it will be properly scheduled when the scheduler starts
2026-03-05 16:34:50 | INFO     | apscheduler.scheduler | Added job "Daily Anomaly Detection Training" to job store "default"
2026-03-05 16:34:50 | INFO     | apscheduler.scheduler | Added job "Daily Forecast Training" to job store "default"
2026-03-05 16:34:50 | INFO     | apscheduler.scheduler | Added job "Initial Model Training" to job store "default"
2026-03-05 16:34:50 | INFO     | apscheduler.scheduler | Scheduler started
2026-03-05 16:34:50 | INFO     | scheduler | ✅ Scheduler started successfully
2026-03-05 16:34:50 | INFO     | apscheduler.executors.default | Running job "Initial Model Training (trigger: date[2026-03-05 16:34:50 EAT], next run at: 2026-03-05 16:34:50 EAT)" (scheduled at 2026-03-05 16:34:50.488506+03:00)
2026-03-05 16:34:50 | INFO     | apscheduler.scheduler | Removed job initial_training
2026-03-05 16:34:50 | INFO     | scheduler | 📅 Anomaly training scheduled: Daily at 2:00 PM
2026-03-05 16:34:50 | INFO     | scheduler | 🚀 Running initial model training...
2026-03-05 16:34:50 | INFO     | scheduler | 📅 Forecast training scheduled: Daily at 3:00 PM
2026-03-05 16:34:50 | INFO     | scheduler | 🔄 Starting scheduled anomaly detection training...
2026-03-05 16:34:50 | INFO     | main | ✅ Scheduler started — initial training running in background
2026-03-05 16:34:50 | INFO     | models.anomaly_detector | 🔄 Starting anomaly detection training...
2026-03-05 16:35:05 | ERROR    | models.anomaly_detector | ❌ Anomaly training failed: ('08001', '[08001] [Microsoft][ODBC Driver 17 for SQL Server]TCP Provider: The wait operation timed out.\r\n (258) (SQLDriverConnect); [08001] [Microsoft][ODBC Driver 17 for SQL Server]Login timeout expired (0); [08001] [Microsoft][ODBC Driver 17 for SQL Server]A network-related or instance-specific error has occurred while establishing a connection to SQL Server. Server is not found or not accessible. Check if instance name is correct and if SQL Server is configured to allow remote connections. For more information see SQL Server Books Online. (258)')
2026-03-05 16:35:05 | ERROR    | scheduler | ❌ Anomaly detection training failed: ('08001', '[08001] [Microsoft][ODBC Driver 17 for SQL Server]TCP Provider: The wait operation timed out.\r\n (258) (SQLDriverConnect); [08001] [Microsoft][ODBC Driver 17 for SQL Server]Login timeout expired (0); [08001] [Microsoft][ODBC Driver 17 for SQL Server]A network-related or instance-specific error has occurred while establishing a connection to SQL Server. Server is not found or not accessible. Check if instance name is correct and if SQL Server is configured to allow remote connections. For more information see SQL Server Books Online. (258)')
2026-03-05 16:35:05 | INFO     | scheduler | 🔄 Starting scheduled forecast training...
2026-03-05 16:35:05 | INFO     | models.forecast_model | 🔄 Starting forecast training...
2026-03-05 16:35:20 | ERROR    | models.forecast_model | ❌ Forecast training failed: ('08001', '[08001] [Microsoft][ODBC Driver 17 for SQL Server]TCP Provider: The wait operation timed out.\r\n (258) (SQLDriverConnect); [08001] [Microsoft][ODBC Driver 17 for SQL Server]Login timeout expired (0); [08001] [Microsoft][ODBC Driver 17 for SQL Server]A network-related or instance-specific error has occurred while establishing a connection to SQL Server. Server is not found or not accessible. Check if instance name is correct and if SQL Server is configured to allow remote connections. For more information see SQL Server Books Online. (258)')
2026-03-05 16:35:20 | ERROR    | scheduler | ❌ Forecast training failed: ('08001', '[08001] [Microsoft][ODBC Driver 17 for SQL Server]TCP Provider: The wait operation timed out.\r\n (258) (SQLDriverConnect); [08001] [Microsoft][ODBC Driver 17 for SQL Server]Login timeout expired (0); [08001] [Microsoft][ODBC Driver 17 for SQL Server]A network-related or instance-specific error has occurred while establishing a connection to SQL Server. Server is not found or not accessible. Check if instance name is correct and if SQL Server is configured to allow remote connections. For more information see SQL Server Books Online. (258)')
2026-03-05 16:35:20 | INFO     | scheduler | ✅ Initial training complete
2026-03-05 16:35:20 | INFO     | apscheduler.executors.default | Job "Initial Model Training (trigger: date[2026-03-05 16:34:50 EAT], next run at: 2026-03-05 16:34:50 EAT)" executed successfully
2026-03-11 10:42:27 | INFO     | models.anomaly_detector | ✅ Loaded existing anomaly detection model from disk
2026-03-11 10:42:27 | INFO     | main | 🚀 Starting Transaction Monitoring API...
2026-03-11 10:42:27 | INFO     | apscheduler.scheduler | Adding job tentatively -- it will be properly scheduled when the scheduler starts
2026-03-11 10:42:27 | INFO     | apscheduler.scheduler | Adding job tentatively -- it will be properly scheduled when the scheduler starts
2026-03-11 10:42:27 | INFO     | apscheduler.scheduler | Adding job tentatively -- it will be properly scheduled when the scheduler starts
2026-03-11 10:42:27 | INFO     | apscheduler.scheduler | Added job "Daily Anomaly Detection Training" to job store "default"
2026-03-11 10:42:27 | INFO     | apscheduler.scheduler | Added job "Daily Forecast Training" to job store "default"
2026-03-11 10:42:27 | INFO     | apscheduler.scheduler | Added job "Initial Model Training" to job store "default"
2026-03-11 10:42:27 | INFO     | apscheduler.scheduler | Scheduler started
2026-03-11 10:42:27 | INFO     | scheduler | ✅ Scheduler started successfully
2026-03-11 10:42:27 | INFO     | apscheduler.executors.default | Running job "Initial Model Training (trigger: date[2026-03-11 10:42:27 EAT], next run at: 2026-03-11 10:42:27 EAT)" (scheduled at 2026-03-11 10:42:27.828006+03:00)
2026-03-11 10:42:27 | INFO     | apscheduler.scheduler | Removed job initial_training
2026-03-11 10:42:27 | INFO     | scheduler | 📅 Anomaly training scheduled: Daily at 2:00 PM
2026-03-11 10:42:27 | INFO     | scheduler | 🚀 Running initial model training...
2026-03-11 10:42:27 | INFO     | scheduler | 📅 Forecast training scheduled: Daily at 3:00 PM
2026-03-11 10:42:27 | INFO     | scheduler | 🔄 Starting scheduled anomaly detection training...
2026-03-11 10:42:27 | INFO     | main | ✅ Scheduler started — initial training running in background
2026-03-11 10:42:27 | INFO     | models.anomaly_detector | 🔄 Starting anomaly detection training...
2026-03-11 10:42:31 | INFO     | models.anomaly_detector | 💾 Model and scaler saved to disk
2026-03-11 10:42:31 | INFO     | models.anomaly_detector | 📦 Stored 2 anomalies in memory
2026-03-11 10:42:31 | INFO     | models.anomaly_detector | ✅ Training complete — 2 anomalies detected
2026-03-11 10:42:31 | INFO     | models.anomaly_detector | 📊 Confidence: 0.805
2026-03-11 10:42:31 | INFO     | scheduler | ✅ Anomaly detection training completed
2026-03-11 10:42:31 | INFO     | scheduler | 🔄 Starting scheduled forecast training...
2026-03-11 10:42:31 | INFO     | models.forecast_model | 🔄 Starting forecast training...
2026-03-11 10:42:31 | INFO     | models.forecast_model | 📊 Forecasting for 23 terminals
2026-03-11 10:42:33 | ERROR    | prophet.plot | Importing plotly failed. Interactive plots will not work.
2026-03-11 10:42:34 | INFO     | prophet | n_changepoints greater than number of observations. Using 1.
2026-03-11 10:42:35 | INFO     | prophet | n_changepoints greater than number of observations. Using 2.
2026-03-11 10:42:36 | WARNING  | models.forecast_model | ⚠️ Skipping CDM22567 — insufficient data
2026-03-11 10:42:36 | INFO     | prophet | n_changepoints greater than number of observations. Using 1.
2026-03-11 10:42:37 | WARNING  | models.forecast_model | ⚠️ Skipping CDM592 — insufficient data
2026-03-11 10:42:37 | INFO     | prophet | n_changepoints greater than number of observations. Using 1.
2026-03-11 10:42:37 | INFO     | prophet | n_changepoints greater than number of observations. Using 4.
2026-03-11 10:42:43 | INFO     | prophet | n_changepoints greater than number of observations. Using 5.
2026-03-11 10:42:43 | INFO     | prophet | n_changepoints greater than number of observations. Using 3.
2026-03-11 10:42:43 | INFO     | prophet | n_changepoints greater than number of observations. Using 5.
2026-03-11 10:42:44 | INFO     | prophet | n_changepoints greater than number of observations. Using 6.
2026-03-11 10:42:44 | INFO     | prophet | n_changepoints greater than number of observations. Using 7.
2026-03-11 10:42:44 | INFO     | prophet | n_changepoints greater than number of observations. Using 6.
2026-03-11 10:42:45 | INFO     | prophet | n_changepoints greater than number of observations. Using 5.
2026-03-11 10:42:45 | INFO     | prophet | n_changepoints greater than number of observations. Using 6.
2026-03-11 10:42:45 | INFO     | prophet | n_changepoints greater than number of observations. Using 6.
2026-03-11 10:42:46 | INFO     | prophet | n_changepoints greater than number of observations. Using 7.
2026-03-11 10:42:46 | INFO     | prophet | n_changepoints greater than number of observations. Using 6.
2026-03-11 10:42:47 | INFO     | prophet | n_changepoints greater than number of observations. Using 3.
2026-03-11 10:42:50 | INFO     | prophet | n_changepoints greater than number of observations. Using 1.
2026-03-11 10:42:50 | INFO     | prophet | n_changepoints greater than number of observations. Using 7.
2026-03-11 10:42:50 | INFO     | prophet | n_changepoints greater than number of observations. Using 1.
2026-03-11 10:42:52 | INFO     | prophet | n_changepoints greater than number of observations. Using 7.
2026-03-11 10:42:53 | INFO     | models.forecast_model | 📦 Stored 357 forecast records in memory
2026-03-11 10:42:53 | INFO     | models.forecast_model | ✅ Forecast training complete using Prophet
2026-03-11 10:42:53 | INFO     | models.forecast_model | 📊 Generated 357 forecast records
2026-03-11 10:42:53 | INFO     | scheduler | ✅ Forecast training completed
2026-03-11 10:42:53 | INFO     | scheduler | ✅ Initial training complete
2026-03-11 10:42:53 | INFO     | apscheduler.executors.default | Job "Initial Model Training (trigger: date[2026-03-11 10:42:27 EAT], next run at: 2026-03-11 10:42:27 EAT)" executed successfully
2026-03-16 10:42:27 | INFO     | models.anomaly_detector | ✅ Loaded existing anomaly detection model from disk
2026-03-16 10:42:27 | INFO     | main | 🚀 Starting Transaction Monitoring API...
2026-03-16 10:42:27 | INFO     | apscheduler.scheduler | Adding job tentatively -- it will be properly scheduled when the scheduler starts
2026-03-16 10:42:27 | INFO     | apscheduler.scheduler | Adding job tentatively -- it will be properly scheduled when the scheduler starts
2026-03-16 10:42:27 | INFO     | apscheduler.scheduler | Adding job tentatively -- it will be properly scheduled when the scheduler starts
2026-03-16 10:42:27 | INFO     | apscheduler.scheduler | Added job "Daily Anomaly Detection Training" to job store "default"
2026-03-16 10:42:27 | INFO     | apscheduler.scheduler | Added job "Daily Forecast Training" to job store "default"
2026-03-16 10:42:27 | INFO     | apscheduler.scheduler | Added job "Initial Model Training" to job store "default"
2026-03-16 10:42:27 | INFO     | apscheduler.scheduler | Scheduler started
2026-03-16 10:42:27 | INFO     | scheduler | ✅ Scheduler started successfully
2026-03-16 10:42:27 | INFO     | apscheduler.executors.default | Running job "Initial Model Training (trigger: date[2026-03-16 10:42:27 EAT], next run at: 2026-03-16 10:42:27 EAT)" (scheduled at 2026-03-16 10:42:27.559264+03:00)
2026-03-16 10:42:27 | INFO     | apscheduler.scheduler | Removed job initial_training
2026-03-16 10:42:27 | INFO     | scheduler | 📅 Anomaly training scheduled: Daily at 2:00 PM
2026-03-16 10:42:27 | INFO     | scheduler | 🚀 Running initial model training...
2026-03-16 10:42:27 | INFO     | scheduler | 📅 Forecast training scheduled: Daily at 3:00 PM
2026-03-16 10:42:27 | INFO     | scheduler | 🔄 Starting scheduled anomaly detection training...
2026-03-16 10:42:27 | INFO     | main | ✅ Scheduler started — initial training running in background
2026-03-16 10:42:27 | INFO     | models.anomaly_detector | 🔄 Starting anomaly detection training...
2026-03-16 10:42:30 | INFO     | models.anomaly_detector | 💾 Model and scaler saved to disk
2026-03-16 10:42:30 | INFO     | models.anomaly_detector | 📦 Stored 2 anomalies in memory
2026-03-16 10:42:30 | INFO     | models.anomaly_detector | ✅ Training complete — 2 anomalies detected
2026-03-16 10:42:30 | INFO     | models.anomaly_detector | 📊 Confidence: 0.802
2026-03-16 10:42:30 | INFO     | scheduler | ✅ Anomaly detection training completed
2026-03-16 10:42:30 | INFO     | scheduler | 🔄 Starting scheduled forecast training...
2026-03-16 10:42:30 | INFO     | models.forecast_model | 🔄 Starting forecast training...
2026-03-16 10:42:30 | INFO     | models.forecast_model | 📊 Forecasting for 23 terminals
2026-03-16 10:42:32 | ERROR    | prophet.plot | Importing plotly failed. Interactive plots will not work.
2026-03-16 10:42:33 | INFO     | prophet | n_changepoints greater than number of observations. Using 1.
2026-03-16 10:42:34 | INFO     | prophet | n_changepoints greater than number of observations. Using 2.
2026-03-16 10:42:36 | WARNING  | models.forecast_model | ⚠️ Skipping CDM22567 — insufficient data
2026-03-16 10:42:36 | INFO     | prophet | n_changepoints greater than number of observations. Using 1.
2026-03-16 10:42:36 | WARNING  | models.forecast_model | ⚠️ Skipping CDM592 — insufficient data
2026-03-16 10:42:36 | INFO     | prophet | n_changepoints greater than number of observations. Using 1.
2026-03-16 10:42:37 | INFO     | prophet | n_changepoints greater than number of observations. Using 4.
2026-03-16 10:42:43 | INFO     | prophet | n_changepoints greater than number of observations. Using 5.
2026-03-16 10:42:43 | INFO     | prophet | n_changepoints greater than number of observations. Using 3.
2026-03-16 10:42:44 | INFO     | prophet | n_changepoints greater than number of observations. Using 5.
2026-03-16 10:42:44 | INFO     | prophet | n_changepoints greater than number of observations. Using 6.
2026-03-16 10:42:44 | INFO     | prophet | n_changepoints greater than number of observations. Using 7.
2026-03-16 10:42:44 | INFO     | prophet | n_changepoints greater than number of observations. Using 6.
2026-03-16 10:42:45 | INFO     | prophet | n_changepoints greater than number of observations. Using 5.
2026-03-16 10:42:45 | INFO     | prophet | n_changepoints greater than number of observations. Using 6.
2026-03-16 10:42:45 | INFO     | prophet | n_changepoints greater than number of observations. Using 6.
2026-03-16 10:42:46 | INFO     | prophet | n_changepoints greater than number of observations. Using 7.
2026-03-16 10:42:46 | INFO     | prophet | n_changepoints greater than number of observations. Using 6.
2026-03-16 10:42:47 | INFO     | prophet | n_changepoints greater than number of observations. Using 3.
2026-03-16 10:42:49 | INFO     | prophet | n_changepoints greater than number of observations. Using 1.
2026-03-16 10:42:49 | INFO     | prophet | n_changepoints greater than number of observations. Using 7.
2026-03-16 10:42:50 | INFO     | prophet | n_changepoints greater than number of observations. Using 1.
2026-03-16 10:42:51 | INFO     | prophet | n_changepoints greater than number of observations. Using 7.
2026-03-16 10:42:52 | INFO     | models.forecast_model | 📦 Stored 357 forecast records in memory
2026-03-16 10:42:52 | INFO     | models.forecast_model | ✅ Forecast training complete using Prophet
2026-03-16 10:42:52 | INFO     | models.forecast_model | 📊 Generated 357 forecast records
2026-03-16 10:42:52 | INFO     | scheduler | ✅ Forecast training completed
2026-03-16 10:42:52 | INFO     | scheduler | ✅ Initial training complete
2026-03-16 10:42:52 | INFO     | apscheduler.executors.default | Job "Initial Model Training (trigger: date[2026-03-16 10:42:27 EAT], next run at: 2026-03-16 10:42:27 EAT)" executed successfully
2026-03-19 10:43:21 | INFO     | models.anomaly_detector | ✅ Loaded existing anomaly detection model from disk
2026-03-19 10:43:21 | INFO     | main | 🚀 Starting Transaction Monitoring API...
2026-03-19 10:43:21 | INFO     | apscheduler.scheduler | Adding job tentatively -- it will be properly scheduled when the scheduler starts
2026-03-19 10:43:21 | INFO     | apscheduler.scheduler | Adding job tentatively -- it will be properly scheduled when the scheduler starts
2026-03-19 10:43:21 | INFO     | apscheduler.scheduler | Adding job tentatively -- it will be properly scheduled when the scheduler starts
2026-03-19 10:43:21 | INFO     | apscheduler.scheduler | Added job "Daily Anomaly Detection Training" to job store "default"
2026-03-19 10:43:21 | INFO     | apscheduler.scheduler | Added job "Daily Forecast Training" to job store "default"
2026-03-19 10:43:21 | INFO     | apscheduler.scheduler | Added job "Initial Model Training" to job store "default"
2026-03-19 10:43:21 | INFO     | apscheduler.scheduler | Scheduler started
2026-03-19 10:43:21 | INFO     | scheduler | ✅ Scheduler started successfully
2026-03-19 10:43:21 | INFO     | apscheduler.executors.default | Running job "Initial Model Training (trigger: date[2026-03-19 10:43:21 EAT], next run at: 2026-03-19 10:43:21 EAT)" (scheduled at 2026-03-19 10:43:21.921995+03:00)
2026-03-19 10:43:21 | INFO     | apscheduler.scheduler | Removed job initial_training
2026-03-19 10:43:21 | INFO     | scheduler | 📅 Anomaly training scheduled: Daily at 2:00 PM
2026-03-19 10:43:21 | INFO     | scheduler | 🚀 Running initial model training...
2026-03-19 10:43:21 | INFO     | scheduler | 📅 Forecast training scheduled: Daily at 3:00 PM
2026-03-19 10:43:21 | INFO     | scheduler | 🔄 Starting scheduled anomaly detection training...
2026-03-19 10:43:21 | INFO     | main | ✅ Scheduler started — initial training running in background
2026-03-19 10:43:21 | INFO     | models.anomaly_detector | 🔄 Starting anomaly detection training...
2026-03-19 10:43:24 | INFO     | models.anomaly_detector | 💾 Model and scaler saved to disk
2026-03-19 10:43:24 | INFO     | models.anomaly_detector | 📦 Stored 2 anomalies in memory
2026-03-19 10:43:24 | INFO     | models.anomaly_detector | ✅ Training complete — 2 anomalies detected
2026-03-19 10:43:24 | INFO     | models.anomaly_detector | 📊 Confidence: 0.805
2026-03-19 10:43:24 | INFO     | scheduler | ✅ Anomaly detection training completed
2026-03-19 10:43:24 | INFO     | scheduler | 🔄 Starting scheduled forecast training...
2026-03-19 10:43:24 | INFO     | models.forecast_model | 🔄 Starting forecast training...
2026-03-19 10:43:24 | INFO     | models.forecast_model | 📊 Forecasting for 23 terminals
2026-03-19 10:43:26 | ERROR    | prophet.plot | Importing plotly failed. Interactive plots will not work.
2026-03-19 10:43:27 | INFO     | prophet | n_changepoints greater than number of observations. Using 1.
2026-03-19 10:43:28 | INFO     | prophet | n_changepoints greater than number of observations. Using 2.
2026-03-19 10:43:29 | WARNING  | models.forecast_model | ⚠️ Skipping CDM22567 — insufficient data
2026-03-19 10:43:29 | INFO     | prophet | n_changepoints greater than number of observations. Using 1.
2026-03-19 10:43:29 | WARNING  | models.forecast_model | ⚠️ Skipping CDM592 — insufficient data
2026-03-19 10:43:29 | INFO     | prophet | n_changepoints greater than number of observations. Using 1.
2026-03-19 10:43:30 | INFO     | prophet | n_changepoints greater than number of observations. Using 4.
2026-03-19 10:43:35 | INFO     | prophet | n_changepoints greater than number of observations. Using 5.
2026-03-19 10:43:35 | INFO     | prophet | n_changepoints greater than number of observations. Using 3.
2026-03-19 10:43:36 | INFO     | prophet | n_changepoints greater than number of observations. Using 5.
2026-03-19 10:43:36 | INFO     | prophet | n_changepoints greater than number of observations. Using 6.
2026-03-19 10:43:36 | INFO     | prophet | n_changepoints greater than number of observations. Using 7.
2026-03-19 10:43:36 | INFO     | prophet | n_changepoints greater than number of observations. Using 6.
2026-03-19 10:43:37 | INFO     | prophet | n_changepoints greater than number of observations. Using 5.
2026-03-19 10:43:37 | INFO     | prophet | n_changepoints greater than number of observations. Using 6.
2026-03-19 10:43:37 | INFO     | prophet | n_changepoints greater than number of observations. Using 6.
2026-03-19 10:43:38 | INFO     | prophet | n_changepoints greater than number of observations. Using 7.
2026-03-19 10:43:38 | INFO     | prophet | n_changepoints greater than number of observations. Using 6.
2026-03-19 10:43:39 | INFO     | prophet | n_changepoints greater than number of observations. Using 3.
2026-03-19 10:43:42 | INFO     | prophet | n_changepoints greater than number of observations. Using 1.
2026-03-19 10:43:42 | INFO     | prophet | n_changepoints greater than number of observations. Using 7.
2026-03-19 10:43:42 | INFO     | prophet | n_changepoints greater than number of observations. Using 1.
2026-03-19 10:43:44 | INFO     | prophet | n_changepoints greater than number of observations. Using 7.
2026-03-19 10:43:45 | INFO     | models.forecast_model | 📦 Stored 357 forecast records in memory
2026-03-19 10:43:45 | INFO     | models.forecast_model | ✅ Forecast training complete using Prophet
2026-03-19 10:43:45 | INFO     | models.forecast_model | 📊 Generated 357 forecast records
2026-03-19 10:43:45 | INFO     | scheduler | ✅ Forecast training completed
2026-03-19 10:43:45 | INFO     | scheduler | ✅ Initial training complete
2026-03-19 10:43:45 | INFO     | apscheduler.executors.default | Job "Initial Model Training (trigger: date[2026-03-19 10:43:21 EAT], next run at: 2026-03-19 10:43:21 EAT)" executed successfully
2026-03-23 09:00:09 | INFO     | models.anomaly_detector | ✅ Loaded existing anomaly detection model from disk
2026-03-23 09:00:09 | INFO     | main | 🚀 Starting Transaction Monitoring API...
2026-03-23 09:00:09 | INFO     | apscheduler.scheduler | Adding job tentatively -- it will be properly scheduled when the scheduler starts
2026-03-23 09:00:09 | INFO     | apscheduler.scheduler | Adding job tentatively -- it will be properly scheduled when the scheduler starts
2026-03-23 09:00:09 | INFO     | apscheduler.scheduler | Adding job tentatively -- it will be properly scheduled when the scheduler starts
2026-03-23 09:00:09 | INFO     | apscheduler.scheduler | Added job "Daily Anomaly Detection Training" to job store "default"
2026-03-23 09:00:09 | INFO     | apscheduler.scheduler | Added job "Daily Forecast Training" to job store "default"
2026-03-23 09:00:09 | INFO     | apscheduler.scheduler | Added job "Initial Model Training" to job store "default"
2026-03-23 09:00:09 | INFO     | apscheduler.scheduler | Scheduler started
2026-03-23 09:00:09 | INFO     | scheduler | ✅ Scheduler started successfully
2026-03-23 09:00:09 | INFO     | apscheduler.executors.default | Running job "Initial Model Training (trigger: date[2026-03-23 09:00:09 EAT], next run at: 2026-03-23 09:00:09 EAT)" (scheduled at 2026-03-23 09:00:09.507698+03:00)
2026-03-23 09:00:09 | INFO     | apscheduler.scheduler | Removed job initial_training
2026-03-23 09:00:09 | INFO     | scheduler | 📅 Anomaly training scheduled: Daily at 2:00 PM
2026-03-23 09:00:09 | INFO     | scheduler | 🚀 Running initial model training...
2026-03-23 09:00:09 | INFO     | scheduler | 📅 Forecast training scheduled: Daily at 3:00 PM
2026-03-23 09:00:09 | INFO     | scheduler | 🔄 Starting scheduled anomaly detection training...
2026-03-23 09:00:09 | INFO     | main | ✅ Scheduler started — initial training running in background
2026-03-23 09:00:09 | INFO     | models.anomaly_detector | 🔄 Starting anomaly detection training...
2026-03-23 09:00:13 | INFO     | models.anomaly_detector | 💾 Model and scaler saved to disk
2026-03-23 09:00:13 | INFO     | models.anomaly_detector | 📦 Stored 2 anomalies in memory
2026-03-23 09:00:13 | INFO     | models.anomaly_detector | ✅ Training complete — 2 anomalies detected
2026-03-23 09:00:13 | INFO     | models.anomaly_detector | 📊 Confidence: 0.805
2026-03-23 09:00:13 | INFO     | scheduler | ✅ Anomaly detection training completed
2026-03-23 09:00:13 | INFO     | scheduler | 🔄 Starting scheduled forecast training...
2026-03-23 09:00:13 | INFO     | models.forecast_model | 🔄 Starting forecast training...
2026-03-23 09:00:13 | INFO     | models.forecast_model | 📊 Forecasting for 23 terminals
2026-03-23 09:00:15 | ERROR    | prophet.plot | Importing plotly failed. Interactive plots will not work.
2026-03-23 09:00:15 | INFO     | prophet | n_changepoints greater than number of observations. Using 1.
2026-03-23 09:00:16 | INFO     | prophet | n_changepoints greater than number of observations. Using 2.
2026-03-23 09:00:17 | WARNING  | models.forecast_model | ⚠️ Skipping CDM22567 — insufficient data
2026-03-23 09:00:17 | INFO     | prophet | n_changepoints greater than number of observations. Using 1.
2026-03-23 09:00:18 | WARNING  | models.forecast_model | ⚠️ Skipping CDM592 — insufficient data
2026-03-23 09:00:18 | INFO     | prophet | n_changepoints greater than number of observations. Using 1.
2026-03-23 09:00:18 | INFO     | prophet | n_changepoints greater than number of observations. Using 4.
2026-03-23 09:00:24 | INFO     | prophet | n_changepoints greater than number of observations. Using 5.
2026-03-23 09:00:25 | INFO     | prophet | n_changepoints greater than number of observations. Using 3.
2026-03-23 09:00:25 | INFO     | prophet | n_changepoints greater than number of observations. Using 5.
2026-03-23 09:00:25 | INFO     | prophet | n_changepoints greater than number of observations. Using 6.
2026-03-23 09:00:26 | INFO     | prophet | n_changepoints greater than number of observations. Using 7.
2026-03-23 09:00:26 | INFO     | prophet | n_changepoints greater than number of observations. Using 6.
2026-03-23 09:00:27 | INFO     | prophet | n_changepoints greater than number of observations. Using 5.
2026-03-23 09:00:27 | INFO     | prophet | n_changepoints greater than number of observations. Using 6.
2026-03-23 09:00:27 | INFO     | prophet | n_changepoints greater than number of observations. Using 6.
2026-03-23 09:00:28 | INFO     | prophet | n_changepoints greater than number of observations. Using 7.
2026-03-23 09:00:28 | INFO     | prophet | n_changepoints greater than number of observations. Using 6.
2026-03-23 09:00:29 | INFO     | prophet | n_changepoints greater than number of observations. Using 3.
2026-03-23 09:00:32 | INFO     | prophet | n_changepoints greater than number of observations. Using 1.
2026-03-23 09:00:32 | INFO     | prophet | n_changepoints greater than number of observations. Using 7.
2026-03-23 09:00:33 | INFO     | prophet | n_changepoints greater than number of observations. Using 1.
2026-03-23 09:00:36 | INFO     | prophet | n_changepoints greater than number of observations. Using 7.
2026-03-23 09:00:36 | INFO     | models.forecast_model | 📦 Stored 357 forecast records in memory
2026-03-23 09:00:36 | INFO     | models.forecast_model | ✅ Forecast training complete using Prophet
2026-03-23 09:00:36 | INFO     | models.forecast_model | 📊 Generated 357 forecast records
2026-03-23 09:00:36 | INFO     | scheduler | ✅ Forecast training completed
2026-03-23 09:00:36 | INFO     | scheduler | ✅ Initial training complete
2026-03-23 09:00:36 | INFO     | apscheduler.executors.default | Job "Initial Model Training (trigger: date[2026-03-23 09:00:09 EAT], next run at: 2026-03-23 09:00:09 EAT)" executed successfully
2026-03-23 10:42:25 | INFO     | models.anomaly_detector | ✅ Loaded existing anomaly detection model from disk
2026-03-23 10:42:25 | INFO     | main | 🚀 Starting Transaction Monitoring API...
2026-03-23 10:42:25 | INFO     | apscheduler.scheduler | Adding job tentatively -- it will be properly scheduled when the scheduler starts
2026-03-23 10:42:25 | INFO     | apscheduler.scheduler | Adding job tentatively -- it will be properly scheduled when the scheduler starts
2026-03-23 10:42:25 | INFO     | apscheduler.scheduler | Adding job tentatively -- it will be properly scheduled when the scheduler starts
2026-03-23 10:42:25 | INFO     | apscheduler.scheduler | Added job "Daily Anomaly Detection Training" to job store "default"
2026-03-23 10:42:25 | INFO     | apscheduler.scheduler | Added job "Daily Forecast Training" to job store "default"
2026-03-23 10:42:25 | INFO     | apscheduler.scheduler | Added job "Initial Model Training" to job store "default"
2026-03-23 10:42:25 | INFO     | apscheduler.scheduler | Scheduler started
2026-03-23 10:42:25 | INFO     | scheduler | ✅ Scheduler started successfully
2026-03-23 10:42:25 | INFO     | apscheduler.executors.default | Running job "Initial Model Training (trigger: date[2026-03-23 10:42:25 EAT], next run at: 2026-03-23 10:42:25 EAT)" (scheduled at 2026-03-23 10:42:25.519573+03:00)
2026-03-23 10:42:25 | INFO     | apscheduler.scheduler | Removed job initial_training
2026-03-23 10:42:25 | INFO     | scheduler | 📅 Anomaly training scheduled: Daily at 2:00 PM
2026-03-23 10:42:25 | INFO     | scheduler | 🚀 Running initial model training...
2026-03-23 10:42:25 | INFO     | scheduler | 📅 Forecast training scheduled: Daily at 3:00 PM
2026-03-23 10:42:25 | INFO     | scheduler | 🔄 Starting scheduled anomaly detection training...
2026-03-23 10:42:25 | INFO     | main | ✅ Scheduler started — initial training running in background
2026-03-23 10:42:25 | INFO     | models.anomaly_detector | 🔄 Starting anomaly detection training...
2026-03-23 10:42:28 | INFO     | models.anomaly_detector | 💾 Model and scaler saved to disk
2026-03-23 10:42:28 | INFO     | models.anomaly_detector | 📦 Stored 2 anomalies in memory
2026-03-23 10:42:28 | INFO     | models.anomaly_detector | ✅ Training complete — 2 anomalies detected
2026-03-23 10:42:28 | INFO     | models.anomaly_detector | 📊 Confidence: 0.805
2026-03-23 10:42:28 | INFO     | scheduler | ✅ Anomaly detection training completed
2026-03-23 10:42:28 | INFO     | scheduler | 🔄 Starting scheduled forecast training...
2026-03-23 10:42:28 | INFO     | models.forecast_model | 🔄 Starting forecast training...
2026-03-23 10:42:28 | INFO     | models.forecast_model | 📊 Forecasting for 23 terminals
2026-03-23 10:42:30 | ERROR    | prophet.plot | Importing plotly failed. Interactive plots will not work.
2026-03-23 10:42:31 | INFO     | prophet | n_changepoints greater than number of observations. Using 1.
2026-03-23 10:42:32 | INFO     | prophet | n_changepoints greater than number of observations. Using 2.
2026-03-23 10:42:33 | WARNING  | models.forecast_model | ⚠️ Skipping CDM22567 — insufficient data
2026-03-23 10:42:33 | INFO     | prophet | n_changepoints greater than number of observations. Using 1.
2026-03-23 10:42:33 | WARNING  | models.forecast_model | ⚠️ Skipping CDM592 — insufficient data
2026-03-23 10:42:33 | INFO     | prophet | n_changepoints greater than number of observations. Using 1.
2026-03-23 10:42:34 | INFO     | prophet | n_changepoints greater than number of observations. Using 4.
2026-03-23 10:42:39 | INFO     | prophet | n_changepoints greater than number of observations. Using 5.
2026-03-23 10:42:40 | INFO     | prophet | n_changepoints greater than number of observations. Using 3.
2026-03-23 10:42:40 | INFO     | prophet | n_changepoints greater than number of observations. Using 5.
2026-03-23 10:42:40 | INFO     | prophet | n_changepoints greater than number of observations. Using 6.
2026-03-23 10:42:40 | INFO     | prophet | n_changepoints greater than number of observations. Using 7.
2026-03-23 10:42:41 | INFO     | prophet | n_changepoints greater than number of observations. Using 6.
2026-03-23 10:42:41 | INFO     | prophet | n_changepoints greater than number of observations. Using 5.
2026-03-23 10:42:41 | INFO     | prophet | n_changepoints greater than number of observations. Using 6.
2026-03-23 10:42:41 | INFO     | prophet | n_changepoints greater than number of observations. Using 6.
2026-03-23 10:42:42 | INFO     | prophet | n_changepoints greater than number of observations. Using 7.
2026-03-23 10:42:42 | INFO     | prophet | n_changepoints greater than number of observations. Using 6.
2026-03-23 10:42:43 | INFO     | prophet | n_changepoints greater than number of observations. Using 3.
2026-03-23 10:42:45 | INFO     | prophet | n_changepoints greater than number of observations. Using 1.
2026-03-23 10:42:45 | INFO     | prophet | n_changepoints greater than number of observations. Using 7.
2026-03-23 10:42:46 | INFO     | prophet | n_changepoints greater than number of observations. Using 1.
2026-03-23 10:42:47 | INFO     | prophet | n_changepoints greater than number of observations. Using 7.
2026-03-23 10:42:47 | INFO     | models.forecast_model | 📦 Stored 357 forecast records in memory
2026-03-23 10:42:47 | INFO     | models.forecast_model | ✅ Forecast training complete using Prophet
2026-03-23 10:42:47 | INFO     | models.forecast_model | 📊 Generated 357 forecast records
2026-03-23 10:42:47 | INFO     | scheduler | ✅ Forecast training completed
2026-03-23 10:42:47 | INFO     | scheduler | ✅ Initial training complete
2026-03-23 10:42:47 | INFO     | apscheduler.executors.default | Job "Initial Model Training (trigger: date[2026-03-23 10:42:25 EAT], next run at: 2026-03-23 10:42:25 EAT)" executed successfully
2026-03-25 10:42:26 | INFO     | models.anomaly_detector | ✅ Loaded existing anomaly detection model from disk
2026-03-25 10:42:26 | INFO     | main | 🚀 Starting Transaction Monitoring API...
2026-03-25 10:42:26 | INFO     | apscheduler.scheduler | Adding job tentatively -- it will be properly scheduled when the scheduler starts
2026-03-25 10:42:26 | INFO     | apscheduler.scheduler | Adding job tentatively -- it will be properly scheduled when the scheduler starts
2026-03-25 10:42:26 | INFO     | apscheduler.scheduler | Adding job tentatively -- it will be properly scheduled when the scheduler starts
2026-03-25 10:42:26 | INFO     | apscheduler.scheduler | Added job "Daily Anomaly Detection Training" to job store "default"
2026-03-25 10:42:26 | INFO     | apscheduler.scheduler | Added job "Daily Forecast Training" to job store "default"
2026-03-25 10:42:26 | INFO     | apscheduler.scheduler | Added job "Initial Model Training" to job store "default"
2026-03-25 10:42:26 | INFO     | apscheduler.scheduler | Scheduler started
2026-03-25 10:42:26 | INFO     | scheduler | ✅ Scheduler started successfully
2026-03-25 10:42:26 | INFO     | scheduler | 📅 Anomaly training scheduled: Daily at 2:00 PM
2026-03-25 10:42:26 | INFO     | apscheduler.executors.default | Running job "Initial Model Training (trigger: date[2026-03-25 10:42:26 EAT], next run at: 2026-03-25 10:42:26 EAT)" (scheduled at 2026-03-25 10:42:26.318067+03:00)
2026-03-25 10:42:26 | INFO     | apscheduler.scheduler | Removed job initial_training
2026-03-25 10:42:26 | INFO     | scheduler | 📅 Forecast training scheduled: Daily at 3:00 PM
2026-03-25 10:42:26 | INFO     | scheduler | 🚀 Running initial model training...
2026-03-25 10:42:26 | INFO     | main | ✅ Scheduler started — initial training running in background
2026-03-25 10:42:26 | INFO     | scheduler | 🔄 Starting scheduled anomaly detection training...
2026-03-25 10:42:26 | INFO     | models.anomaly_detector | 🔄 Starting anomaly detection training...
2026-03-25 10:42:29 | INFO     | models.anomaly_detector | 💾 Model and scaler saved to disk
2026-03-25 10:42:29 | INFO     | models.anomaly_detector | 📦 Stored 2 anomalies in memory
2026-03-25 10:42:29 | INFO     | models.anomaly_detector | ✅ Training complete — 2 anomalies detected
2026-03-25 10:42:29 | INFO     | models.anomaly_detector | 📊 Confidence: 0.802
2026-03-25 10:42:29 | INFO     | scheduler | ✅ Anomaly detection training completed
2026-03-25 10:42:29 | INFO     | scheduler | 🔄 Starting scheduled forecast training...
2026-03-25 10:42:29 | INFO     | models.forecast_model | 🔄 Starting forecast training...
2026-03-25 10:42:29 | INFO     | models.forecast_model | 📊 Forecasting for 23 terminals
2026-03-25 10:42:31 | ERROR    | prophet.plot | Importing plotly failed. Interactive plots will not work.
2026-03-25 10:42:32 | INFO     | prophet | n_changepoints greater than number of observations. Using 1.
2026-03-25 10:42:33 | INFO     | prophet | n_changepoints greater than number of observations. Using 2.
2026-03-25 10:42:35 | WARNING  | models.forecast_model | ⚠️ Skipping CDM22567 — insufficient data
2026-03-25 10:42:35 | INFO     | prophet | n_changepoints greater than number of observations. Using 1.
2026-03-25 10:42:35 | WARNING  | models.forecast_model | ⚠️ Skipping CDM592 — insufficient data
2026-03-25 10:42:35 | INFO     | prophet | n_changepoints greater than number of observations. Using 1.
2026-03-25 10:42:36 | INFO     | prophet | n_changepoints greater than number of observations. Using 4.
2026-03-25 10:42:42 | INFO     | prophet | n_changepoints greater than number of observations. Using 5.
2026-03-25 10:42:43 | INFO     | prophet | n_changepoints greater than number of observations. Using 3.
2026-03-25 10:42:43 | INFO     | prophet | n_changepoints greater than number of observations. Using 5.
2026-03-25 10:42:43 | INFO     | prophet | n_changepoints greater than number of observations. Using 6.
2026-03-25 10:42:44 | INFO     | prophet | n_changepoints greater than number of observations. Using 7.
2026-03-25 10:42:44 | INFO     | prophet | n_changepoints greater than number of observations. Using 6.
2026-03-25 10:42:44 | INFO     | prophet | n_changepoints greater than number of observations. Using 5.
2026-03-25 10:42:44 | INFO     | prophet | n_changepoints greater than number of observations. Using 6.
2026-03-25 10:42:45 | INFO     | prophet | n_changepoints greater than number of observations. Using 6.
2026-03-25 10:42:45 | INFO     | prophet | n_changepoints greater than number of observations. Using 7.
2026-03-25 10:42:45 | INFO     | prophet | n_changepoints greater than number of observations. Using 6.
2026-03-25 10:42:46 | INFO     | prophet | n_changepoints greater than number of observations. Using 3.
2026-03-25 10:42:48 | INFO     | prophet | n_changepoints greater than number of observations. Using 1.
2026-03-25 10:42:48 | INFO     | prophet | n_changepoints greater than number of observations. Using 7.
2026-03-25 10:42:49 | INFO     | prophet | n_changepoints greater than number of observations. Using 1.
2026-03-25 10:42:50 | INFO     | prophet | n_changepoints greater than number of observations. Using 7.
2026-03-25 10:42:50 | INFO     | models.forecast_model | 📦 Stored 357 forecast records in memory
2026-03-25 10:42:50 | INFO     | models.forecast_model | ✅ Forecast training complete using Prophet
2026-03-25 10:42:50 | INFO     | models.forecast_model | 📊 Generated 357 forecast records
2026-03-25 10:42:50 | INFO     | scheduler | ✅ Forecast training completed
2026-03-25 10:42:50 | INFO     | scheduler | ✅ Initial training complete
2026-03-25 10:42:50 | INFO     | apscheduler.executors.default | Job "Initial Model Training (trigger: date[2026-03-25 10:42:26 EAT], next run at: 2026-03-25 10:42:26 EAT)" executed successfully
2026-03-25 14:00:00 | INFO     | apscheduler.executors.default | Running job "Daily Anomaly Detection Training (trigger: cron[hour='14', minute='0'], next run at: 2026-03-26 14:00:00 EAT)" (scheduled at 2026-03-25 14:00:00+03:00)
2026-03-25 14:00:00 | INFO     | scheduler | 🔄 Starting scheduled anomaly detection training...
2026-03-25 14:00:00 | INFO     | models.anomaly_detector | 🔄 Starting anomaly detection training...
2026-03-25 14:00:06 | INFO     | models.anomaly_detector | 💾 Model and scaler saved to disk
2026-03-25 14:00:06 | INFO     | models.anomaly_detector | 📦 Stored 2 anomalies in memory
2026-03-25 14:00:06 | INFO     | models.anomaly_detector | ✅ Training complete — 2 anomalies detected
2026-03-25 14:00:06 | INFO     | models.anomaly_detector | 📊 Confidence: 0.804
2026-03-25 14:00:06 | INFO     | scheduler | ✅ Anomaly detection training completed
2026-03-25 14:00:06 | INFO     | apscheduler.executors.default | Job "Daily Anomaly Detection Training (trigger: cron[hour='14', minute='0'], next run at: 2026-03-26 14:00:00 EAT)" executed successfully
2026-03-25 15:00:00 | INFO     | apscheduler.executors.default | Running job "Daily Forecast Training (trigger: cron[hour='15', minute='0'], next run at: 2026-03-26 15:00:00 EAT)" (scheduled at 2026-03-25 15:00:00+03:00)
2026-03-25 15:00:00 | INFO     | scheduler | 🔄 Starting scheduled forecast training...
2026-03-25 15:00:00 | INFO     | models.forecast_model | 🔄 Starting forecast training...
2026-03-25 15:00:03 | INFO     | models.forecast_model | 📊 Forecasting for 23 terminals
2026-03-25 15:00:07 | INFO     | prophet | n_changepoints greater than number of observations. Using 1.
2026-03-25 15:00:09 | INFO     | prophet | n_changepoints greater than number of observations. Using 2.
2026-03-25 15:00:11 | WARNING  | models.forecast_model | ⚠️ Skipping CDM22567 — insufficient data
2026-03-25 15:00:11 | INFO     | prophet | n_changepoints greater than number of observations. Using 1.
2026-03-25 15:00:12 | WARNING  | models.forecast_model | ⚠️ Skipping CDM592 — insufficient data
2026-03-25 15:00:12 | INFO     | prophet | n_changepoints greater than number of observations. Using 1.
2026-03-25 15:00:13 | INFO     | prophet | n_changepoints greater than number of observations. Using 4.
2026-03-25 15:00:25 | INFO     | prophet | n_changepoints greater than number of observations. Using 5.
2026-03-25 15:00:25 | INFO     | prophet | n_changepoints greater than number of observations. Using 3.
2026-03-25 15:00:27 | INFO     | prophet | n_changepoints greater than number of observations. Using 5.
2026-03-25 15:00:28 | INFO     | prophet | n_changepoints greater than number of observations. Using 6.
2026-03-25 15:00:29 | INFO     | prophet | n_changepoints greater than number of observations. Using 7.
2026-03-25 15:00:30 | INFO     | prophet | n_changepoints greater than number of observations. Using 6.
2026-03-25 15:00:31 | INFO     | prophet | n_changepoints greater than number of observations. Using 5.
2026-03-25 15:00:31 | INFO     | prophet | n_changepoints greater than number of observations. Using 6.
2026-03-25 15:00:32 | INFO     | prophet | n_changepoints greater than number of observations. Using 6.
2026-03-25 15:00:32 | INFO     | prophet | n_changepoints greater than number of observations. Using 7.
2026-03-25 15:00:33 | INFO     | prophet | n_changepoints greater than number of observations. Using 6.
2026-03-25 15:00:35 | INFO     | prophet | n_changepoints greater than number of observations. Using 3.
2026-03-25 15:00:38 | INFO     | prophet | n_changepoints greater than number of observations. Using 1.
2026-03-25 15:00:38 | INFO     | prophet | n_changepoints greater than number of observations. Using 7.
2026-03-25 15:00:39 | INFO     | prophet | n_changepoints greater than number of observations. Using 1.
2026-03-25 15:00:41 | INFO     | prophet | n_changepoints greater than number of observations. Using 7.
2026-03-25 15:00:42 | INFO     | models.forecast_model | 📦 Stored 357 forecast records in memory
2026-03-25 15:00:42 | INFO     | models.forecast_model | ✅ Forecast training complete using Prophet
2026-03-25 15:00:42 | INFO     | models.forecast_model | 📊 Generated 357 forecast records
2026-03-25 15:00:42 | INFO     | scheduler | ✅ Forecast training completed
2026-03-25 15:00:42 | INFO     | apscheduler.executors.default | Job "Daily Forecast Training (trigger: cron[hour='15', minute='0'], next run at: 2026-03-26 15:00:00 EAT)" executed successfully
2026-03-27 10:42:25 | INFO     | models.anomaly_detector | ✅ Loaded existing anomaly detection model from disk
2026-03-27 10:42:25 | INFO     | main | 🚀 Starting Transaction Monitoring API...
2026-03-27 10:42:25 | INFO     | apscheduler.scheduler | Adding job tentatively -- it will be properly scheduled when the scheduler starts
2026-03-27 10:42:25 | INFO     | apscheduler.scheduler | Adding job tentatively -- it will be properly scheduled when the scheduler starts
2026-03-27 10:42:25 | INFO     | apscheduler.scheduler | Adding job tentatively -- it will be properly scheduled when the scheduler starts
2026-03-27 10:42:25 | INFO     | apscheduler.scheduler | Added job "Daily Anomaly Detection Training" to job store "default"
2026-03-27 10:42:25 | INFO     | apscheduler.scheduler | Added job "Daily Forecast Training" to job store "default"
2026-03-27 10:42:25 | INFO     | apscheduler.scheduler | Added job "Initial Model Training" to job store "default"
2026-03-27 10:42:25 | INFO     | apscheduler.scheduler | Scheduler started
2026-03-27 10:42:25 | INFO     | scheduler | ✅ Scheduler started successfully
2026-03-27 10:42:25 | INFO     | apscheduler.executors.default | Running job "Initial Model Training (trigger: date[2026-03-27 10:42:25 EAT], next run at: 2026-03-27 10:42:25 EAT)" (scheduled at 2026-03-27 10:42:25.985830+03:00)
2026-03-27 10:42:25 | INFO     | apscheduler.scheduler | Removed job initial_training
2026-03-27 10:42:25 | INFO     | scheduler | 📅 Anomaly training scheduled: Daily at 2:00 PM
2026-03-27 10:42:25 | INFO     | scheduler | 🚀 Running initial model training...
2026-03-27 10:42:25 | INFO     | scheduler | 📅 Forecast training scheduled: Daily at 3:00 PM
2026-03-27 10:42:25 | INFO     | scheduler | 🔄 Starting scheduled anomaly detection training...
2026-03-27 10:42:25 | INFO     | main | ✅ Scheduler started — initial training running in background
2026-03-27 10:42:25 | INFO     | models.anomaly_detector | 🔄 Starting anomaly detection training...
2026-03-27 10:42:29 | INFO     | models.anomaly_detector | 💾 Model and scaler saved to disk
2026-03-27 10:42:29 | INFO     | models.anomaly_detector | 📦 Stored 2 anomalies in memory
2026-03-27 10:42:29 | INFO     | models.anomaly_detector | ✅ Training complete — 2 anomalies detected
2026-03-27 10:42:29 | INFO     | models.anomaly_detector | 📊 Confidence: 0.804
2026-03-27 10:42:29 | INFO     | scheduler | ✅ Anomaly detection training completed
2026-03-27 10:42:29 | INFO     | scheduler | 🔄 Starting scheduled forecast training...
2026-03-27 10:42:29 | INFO     | models.forecast_model | 🔄 Starting forecast training...
2026-03-27 10:42:29 | INFO     | models.forecast_model | 📊 Forecasting for 23 terminals
2026-03-27 10:42:31 | ERROR    | prophet.plot | Importing plotly failed. Interactive plots will not work.
2026-03-27 10:42:32 | INFO     | prophet | n_changepoints greater than number of observations. Using 1.
2026-03-27 10:42:33 | INFO     | prophet | n_changepoints greater than number of observations. Using 2.
2026-03-27 10:42:35 | WARNING  | models.forecast_model | ⚠️ Skipping CDM22567 — insufficient data
2026-03-27 10:42:35 | INFO     | prophet | n_changepoints greater than number of observations. Using 1.
2026-03-27 10:42:35 | WARNING  | models.forecast_model | ⚠️ Skipping CDM592 — insufficient data
2026-03-27 10:42:36 | INFO     | prophet | n_changepoints greater than number of observations. Using 1.
2026-03-27 10:42:36 | INFO     | prophet | n_changepoints greater than number of observations. Using 4.
2026-03-27 10:42:42 | INFO     | prophet | n_changepoints greater than number of observations. Using 5.
2026-03-27 10:42:42 | INFO     | prophet | n_changepoints greater than number of observations. Using 3.
2026-03-27 10:42:42 | INFO     | prophet | n_changepoints greater than number of observations. Using 5.
2026-03-27 10:42:43 | INFO     | prophet | n_changepoints greater than number of observations. Using 6.
2026-03-27 10:42:43 | INFO     | prophet | n_changepoints greater than number of observations. Using 7.
2026-03-27 10:42:43 | INFO     | prophet | n_changepoints greater than number of observations. Using 6.
2026-03-27 10:42:44 | INFO     | prophet | n_changepoints greater than number of observations. Using 5.
2026-03-27 10:42:44 | INFO     | prophet | n_changepoints greater than number of observations. Using 6.
2026-03-27 10:42:44 | INFO     | prophet | n_changepoints greater than number of observations. Using 6.
2026-03-27 10:42:45 | INFO     | prophet | n_changepoints greater than number of observations. Using 7.
2026-03-27 10:42:45 | INFO     | prophet | n_changepoints greater than number of observations. Using 6.
2026-03-27 10:42:46 | INFO     | prophet | n_changepoints greater than number of observations. Using 3.
2026-03-27 10:42:49 | INFO     | prophet | n_changepoints greater than number of observations. Using 1.
2026-03-27 10:42:49 | INFO     | prophet | n_changepoints greater than number of observations. Using 7.
2026-03-27 10:42:49 | INFO     | prophet | n_changepoints greater than number of observations. Using 1.
2026-03-27 10:42:51 | INFO     | prophet | n_changepoints greater than number of observations. Using 7.
2026-03-27 10:42:52 | INFO     | models.forecast_model | 📦 Stored 357 forecast records in memory
2026-03-27 10:42:52 | INFO     | models.forecast_model | ✅ Forecast training complete using Prophet
2026-03-27 10:42:52 | INFO     | models.forecast_model | 📊 Generated 357 forecast records
2026-03-27 10:42:52 | INFO     | scheduler | ✅ Forecast training completed
2026-03-27 10:42:52 | INFO     | scheduler | ✅ Initial training complete
2026-03-27 10:42:52 | INFO     | apscheduler.executors.default | Job "Initial Model Training (trigger: date[2026-03-27 10:42:25 EAT], next run at: 2026-03-27 10:42:25 EAT)" executed successfully
2026-03-30 10:42:27 | INFO     | models.anomaly_detector | ✅ Loaded existing anomaly detection model from disk
2026-03-30 10:42:27 | INFO     | main | 🚀 Starting Transaction Monitoring API...
2026-03-30 10:42:27 | INFO     | apscheduler.scheduler | Adding job tentatively -- it will be properly scheduled when the scheduler starts
2026-03-30 10:42:27 | INFO     | apscheduler.scheduler | Adding job tentatively -- it will be properly scheduled when the scheduler starts
2026-03-30 10:42:27 | INFO     | apscheduler.scheduler | Adding job tentatively -- it will be properly scheduled when the scheduler starts
2026-03-30 10:42:27 | INFO     | apscheduler.scheduler | Added job "Daily Anomaly Detection Training" to job store "default"
2026-03-30 10:42:27 | INFO     | apscheduler.scheduler | Added job "Daily Forecast Training" to job store "default"
2026-03-30 10:42:27 | INFO     | apscheduler.scheduler | Added job "Initial Model Training" to job store "default"
2026-03-30 10:42:27 | INFO     | apscheduler.scheduler | Scheduler started
2026-03-30 10:42:27 | INFO     | scheduler | ✅ Scheduler started successfully
2026-03-30 10:42:27 | INFO     | apscheduler.executors.default | Running job "Initial Model Training (trigger: date[2026-03-30 10:42:27 EAT], next run at: 2026-03-30 10:42:27 EAT)" (scheduled at 2026-03-30 10:42:27.701381+03:00)
2026-03-30 10:42:27 | INFO     | apscheduler.scheduler | Removed job initial_training
2026-03-30 10:42:27 | INFO     | scheduler | 📅 Anomaly training scheduled: Daily at 2:00 PM
2026-03-30 10:42:27 | INFO     | scheduler | 🚀 Running initial model training...
2026-03-30 10:42:27 | INFO     | scheduler | 📅 Forecast training scheduled: Daily at 3:00 PM
2026-03-30 10:42:27 | INFO     | scheduler | 🔄 Starting scheduled anomaly detection training...
2026-03-30 10:42:27 | INFO     | main | ✅ Scheduler started — initial training running in background
2026-03-30 10:42:27 | INFO     | models.anomaly_detector | 🔄 Starting anomaly detection training...
2026-03-30 10:42:35 | INFO     | models.anomaly_detector | 💾 Model and scaler saved to disk
2026-03-30 10:42:35 | INFO     | models.anomaly_detector | 📦 Stored 2 anomalies in memory
2026-03-30 10:42:35 | INFO     | models.anomaly_detector | ✅ Training complete — 2 anomalies detected
2026-03-30 10:42:35 | INFO     | models.anomaly_detector | 📊 Confidence: 0.805
2026-03-30 10:42:35 | INFO     | scheduler | ✅ Anomaly detection training completed
2026-03-30 10:42:35 | INFO     | scheduler | 🔄 Starting scheduled forecast training...
2026-03-30 10:42:35 | INFO     | models.forecast_model | 🔄 Starting forecast training...
2026-03-30 10:42:35 | INFO     | models.forecast_model | 📊 Forecasting for 23 terminals
2026-03-30 10:42:38 | ERROR    | prophet.plot | Importing plotly failed. Interactive plots will not work.
2026-03-30 10:42:38 | INFO     | prophet | n_changepoints greater than number of observations. Using 1.
2026-03-30 10:42:39 | INFO     | prophet | n_changepoints greater than number of observations. Using 2.
2026-03-30 10:42:40 | WARNING  | models.forecast_model | ⚠️ Skipping CDM22567 — insufficient data
2026-03-30 10:42:41 | INFO     | prophet | n_changepoints greater than number of observations. Using 1.
2026-03-30 10:42:41 | WARNING  | models.forecast_model | ⚠️ Skipping CDM592 — insufficient data
2026-03-30 10:42:42 | INFO     | prophet | n_changepoints greater than number of observations. Using 1.
2026-03-30 10:42:43 | INFO     | prophet | n_changepoints greater than number of observations. Using 4.
2026-03-30 10:42:50 | INFO     | prophet | n_changepoints greater than number of observations. Using 5.
2026-03-30 10:42:51 | INFO     | prophet | n_changepoints greater than number of observations. Using 3.
2026-03-30 10:42:51 | INFO     | prophet | n_changepoints greater than number of observations. Using 5.
2026-03-30 10:42:51 | INFO     | prophet | n_changepoints greater than number of observations. Using 6.
2026-03-30 10:42:52 | INFO     | prophet | n_changepoints greater than number of observations. Using 7.
2026-03-30 10:42:52 | INFO     | prophet | n_changepoints greater than number of observations. Using 6.
2026-03-30 10:42:52 | INFO     | prophet | n_changepoints greater than number of observations. Using 5.
2026-03-30 10:42:52 | INFO     | prophet | n_changepoints greater than number of observations. Using 6.
2026-03-30 10:42:53 | INFO     | prophet | n_changepoints greater than number of observations. Using 6.
2026-03-30 10:42:53 | INFO     | prophet | n_changepoints greater than number of observations. Using 7.
2026-03-30 10:42:53 | INFO     | prophet | n_changepoints greater than number of observations. Using 6.
2026-03-30 10:42:54 | INFO     | prophet | n_changepoints greater than number of observations. Using 3.
2026-03-30 10:42:57 | INFO     | prophet | n_changepoints greater than number of observations. Using 1.
2026-03-30 10:42:57 | INFO     | prophet | n_changepoints greater than number of observations. Using 7.
2026-03-30 10:42:58 | INFO     | prophet | n_changepoints greater than number of observations. Using 1.
2026-03-30 10:42:59 | INFO     | prophet | n_changepoints greater than number of observations. Using 7.
2026-03-30 10:43:00 | INFO     | models.forecast_model | 📦 Stored 357 forecast records in memory
2026-03-30 10:43:00 | INFO     | models.forecast_model | ✅ Forecast training complete using Prophet
2026-03-30 10:43:00 | INFO     | models.forecast_model | 📊 Generated 357 forecast records
2026-03-30 10:43:00 | INFO     | scheduler | ✅ Forecast training completed
2026-03-30 10:43:00 | INFO     | scheduler | ✅ Initial training complete
2026-03-30 10:43:00 | INFO     | apscheduler.executors.default | Job "Initial Model Training (trigger: date[2026-03-30 10:42:27 EAT], next run at: 2026-03-30 10:42:27 EAT)" executed successfully
2026-03-31 11:24:48 | INFO     | models.anomaly_detector | ✅ Loaded existing anomaly detection model from disk
2026-03-31 11:24:48 | INFO     | main | 🚀 Starting Transaction Monitoring API...
2026-03-31 11:24:48 | INFO     | apscheduler.scheduler | Adding job tentatively -- it will be properly scheduled when the scheduler starts
2026-03-31 11:24:48 | INFO     | apscheduler.scheduler | Adding job tentatively -- it will be properly scheduled when the scheduler starts
2026-03-31 11:24:48 | INFO     | apscheduler.scheduler | Adding job tentatively -- it will be properly scheduled when the scheduler starts
2026-03-31 11:24:48 | INFO     | apscheduler.scheduler | Added job "Daily Anomaly Detection Training" to job store "default"
2026-03-31 11:24:49 | INFO     | apscheduler.scheduler | Added job "Daily Forecast Training" to job store "default"
2026-03-31 11:24:49 | INFO     | apscheduler.scheduler | Added job "Initial Model Training" to job store "default"
2026-03-31 11:24:49 | INFO     | apscheduler.scheduler | Scheduler started
2026-03-31 11:24:49 | INFO     | scheduler | ✅ Scheduler started successfully
2026-03-31 11:24:49 | INFO     | apscheduler.executors.default | Running job "Initial Model Training (trigger: date[2026-03-31 11:24:48 EAT], next run at: 2026-03-31 11:24:48 EAT)" (scheduled at 2026-03-31 11:24:48.995284+03:00)
2026-03-31 11:24:49 | INFO     | apscheduler.scheduler | Removed job initial_training
2026-03-31 11:24:49 | INFO     | scheduler | 📅 Anomaly training scheduled: Daily at 2:00 PM
2026-03-31 11:24:49 | INFO     | scheduler | 🚀 Running initial model training...
2026-03-31 11:24:49 | INFO     | scheduler | 📅 Forecast training scheduled: Daily at 3:00 PM
2026-03-31 11:24:49 | INFO     | scheduler | 🔄 Starting scheduled anomaly detection training...
2026-03-31 11:24:49 | INFO     | main | ✅ Scheduler started — initial training running in background
2026-03-31 11:24:49 | INFO     | models.anomaly_detector | 🔄 Starting anomaly detection training...
2026-03-31 11:25:04 | ERROR    | models.anomaly_detector | ❌ Anomaly training failed: ('08001', '[08001] [Microsoft][ODBC Driver 17 for SQL Server]TCP Provider: A socket operation was attempted to an unreachable host.\r\n (10065) (SQLDriverConnect); [08001] [Microsoft][ODBC Driver 17 for SQL Server]Login timeout expired (0); [08001] [Microsoft][ODBC Driver 17 for SQL Server]A network-related or instance-specific error has occurred while establishing a connection to SQL Server. Server is not found or not accessible. Check if instance name is correct and if SQL Server is configured to allow remote connections. For more information see SQL Server Books Online. (10065)')
2026-03-31 11:25:04 | ERROR    | scheduler | ❌ Anomaly detection training failed: ('08001', '[08001] [Microsoft][ODBC Driver 17 for SQL Server]TCP Provider: A socket operation was attempted to an unreachable host.\r\n (10065) (SQLDriverConnect); [08001] [Microsoft][ODBC Driver 17 for SQL Server]Login timeout expired (0); [08001] [Microsoft][ODBC Driver 17 for SQL Server]A network-related or instance-specific error has occurred while establishing a connection to SQL Server. Server is not found or not accessible. Check if instance name is correct and if SQL Server is configured to allow remote connections. For more information see SQL Server Books Online. (10065)')
2026-03-31 11:25:04 | INFO     | scheduler | 🔄 Starting scheduled forecast training...
2026-03-31 11:25:04 | INFO     | models.forecast_model | 🔄 Starting forecast training...
2026-03-31 11:25:19 | ERROR    | models.forecast_model | ❌ Forecast training failed: ('08001', '[08001] [Microsoft][ODBC Driver 17 for SQL Server]TCP Provider: A socket operation was attempted to an unreachable host.\r\n (10065) (SQLDriverConnect); [08001] [Microsoft][ODBC Driver 17 for SQL Server]Login timeout expired (0); [08001] [Microsoft][ODBC Driver 17 for SQL Server]A network-related or instance-specific error has occurred while establishing a connection to SQL Server. Server is not found or not accessible. Check if instance name is correct and if SQL Server is configured to allow remote connections. For more information see SQL Server Books Online. (10065)')
2026-03-31 11:25:19 | ERROR    | scheduler | ❌ Forecast training failed: ('08001', '[08001] [Microsoft][ODBC Driver 17 for SQL Server]TCP Provider: A socket operation was attempted to an unreachable host.\r\n (10065) (SQLDriverConnect); [08001] [Microsoft][ODBC Driver 17 for SQL Server]Login timeout expired (0); [08001] [Microsoft][ODBC Driver 17 for SQL Server]A network-related or instance-specific error has occurred while establishing a connection to SQL Server. Server is not found or not accessible. Check if instance name is correct and if SQL Server is configured to allow remote connections. For more information see SQL Server Books Online. (10065)')
2026-03-31 11:25:19 | INFO     | scheduler | ✅ Initial training complete
2026-03-31 11:25:19 | INFO     | apscheduler.executors.default | Job "Initial Model Training (trigger: date[2026-03-31 11:24:48 EAT], next run at: 2026-03-31 11:24:48 EAT)" executed successfully
2026-04-10 10:42:26 | INFO     | models.anomaly_detector | ✅ Loaded existing anomaly detection model from disk
2026-04-10 10:42:26 | INFO     | main | 🚀 Starting Transaction Monitoring API...
2026-04-10 10:42:26 | INFO     | apscheduler.scheduler | Adding job tentatively -- it will be properly scheduled when the scheduler starts
2026-04-10 10:42:26 | INFO     | apscheduler.scheduler | Adding job tentatively -- it will be properly scheduled when the scheduler starts
2026-04-10 10:42:26 | INFO     | apscheduler.scheduler | Adding job tentatively -- it will be properly scheduled when the scheduler starts
2026-04-10 10:42:26 | INFO     | apscheduler.scheduler | Added job "Daily Anomaly Detection Training" to job store "default"
2026-04-10 10:42:26 | INFO     | apscheduler.scheduler | Added job "Daily Forecast Training" to job store "default"
2026-04-10 10:42:26 | INFO     | apscheduler.scheduler | Added job "Initial Model Training" to job store "default"
2026-04-10 10:42:26 | INFO     | apscheduler.scheduler | Scheduler started
2026-04-10 10:42:26 | INFO     | scheduler | ✅ Scheduler started successfully
2026-04-10 10:42:26 | INFO     | apscheduler.executors.default | Running job "Initial Model Training (trigger: date[2026-04-10 10:42:26 EAT], next run at: 2026-04-10 10:42:26 EAT)" (scheduled at 2026-04-10 10:42:26.572583+03:00)
2026-04-10 10:42:26 | INFO     | apscheduler.scheduler | Removed job initial_training
2026-04-10 10:42:26 | INFO     | scheduler | 📅 Anomaly training scheduled: Daily at 2:00 PM
2026-04-10 10:42:26 | INFO     | scheduler | 🚀 Running initial model training...
2026-04-10 10:42:26 | INFO     | scheduler | 📅 Forecast training scheduled: Daily at 3:00 PM
2026-04-10 10:42:26 | INFO     | scheduler | 🔄 Starting scheduled anomaly detection training...
2026-04-10 10:42:26 | INFO     | main | ✅ Scheduler started — initial training running in background
2026-04-10 10:42:26 | INFO     | models.anomaly_detector | 🔄 Starting anomaly detection training...
2026-04-10 10:42:29 | INFO     | models.anomaly_detector | 💾 Model and scaler saved to disk
2026-04-10 10:42:29 | INFO     | models.anomaly_detector | 📦 Stored 2 anomalies in memory
2026-04-10 10:42:29 | INFO     | models.anomaly_detector | ✅ Training complete — 2 anomalies detected
2026-04-10 10:42:29 | INFO     | models.anomaly_detector | 📊 Confidence: 0.798
2026-04-10 10:42:29 | INFO     | scheduler | ✅ Anomaly detection training completed
2026-04-10 10:42:29 | INFO     | scheduler | 🔄 Starting scheduled forecast training...
2026-04-10 10:42:29 | INFO     | models.forecast_model | 🔄 Starting forecast training...
2026-04-10 10:42:30 | INFO     | models.forecast_model | 📊 Forecasting for 23 terminals
2026-04-10 10:42:32 | ERROR    | prophet.plot | Importing plotly failed. Interactive plots will not work.
2026-04-10 10:42:33 | INFO     | prophet | n_changepoints greater than number of observations. Using 1.
2026-04-10 10:42:33 | INFO     | prophet | n_changepoints greater than number of observations. Using 2.
2026-04-10 10:42:35 | WARNING  | models.forecast_model | ⚠️ Skipping CDM22567 — insufficient data
2026-04-10 10:42:35 | INFO     | prophet | n_changepoints greater than number of observations. Using 1.
2026-04-10 10:42:35 | WARNING  | models.forecast_model | ⚠️ Skipping CDM592 — insufficient data
2026-04-10 10:42:35 | INFO     | prophet | n_changepoints greater than number of observations. Using 1.
2026-04-10 10:42:36 | INFO     | prophet | n_changepoints greater than number of observations. Using 4.
2026-04-10 10:42:42 | INFO     | prophet | n_changepoints greater than number of observations. Using 5.
2026-04-10 10:42:43 | INFO     | prophet | n_changepoints greater than number of observations. Using 3.
2026-04-10 10:42:43 | INFO     | prophet | n_changepoints greater than number of observations. Using 5.
2026-04-10 10:42:43 | INFO     | prophet | n_changepoints greater than number of observations. Using 6.
2026-04-10 10:42:44 | INFO     | prophet | n_changepoints greater than number of observations. Using 7.
2026-04-10 10:42:44 | INFO     | prophet | n_changepoints greater than number of observations. Using 6.
2026-04-10 10:42:44 | INFO     | prophet | n_changepoints greater than number of observations. Using 5.
2026-04-10 10:42:45 | INFO     | prophet | n_changepoints greater than number of observations. Using 6.
2026-04-10 10:42:45 | INFO     | prophet | n_changepoints greater than number of observations. Using 6.
2026-04-10 10:42:45 | INFO     | prophet | n_changepoints greater than number of observations. Using 7.
2026-04-10 10:42:46 | INFO     | prophet | n_changepoints greater than number of observations. Using 6.
2026-04-10 10:42:47 | INFO     | prophet | n_changepoints greater than number of observations. Using 3.
2026-04-10 10:42:50 | INFO     | prophet | n_changepoints greater than number of observations. Using 1.
2026-04-10 10:42:50 | INFO     | prophet | n_changepoints greater than number of observations. Using 7.
2026-04-10 10:42:50 | INFO     | prophet | n_changepoints greater than number of observations. Using 1.
2026-04-10 10:42:52 | INFO     | prophet | n_changepoints greater than number of observations. Using 7.
2026-04-10 10:42:52 | INFO     | models.forecast_model | 📦 Stored 357 forecast records in memory
2026-04-10 10:42:52 | INFO     | models.forecast_model | ✅ Forecast training complete using Prophet
2026-04-10 10:42:52 | INFO     | models.forecast_model | 📊 Generated 357 forecast records
2026-04-10 10:42:52 | INFO     | scheduler | ✅ Forecast training completed
2026-04-10 10:42:52 | INFO     | scheduler | ✅ Initial training complete
2026-04-10 10:42:52 | INFO     | apscheduler.executors.default | Job "Initial Model Training (trigger: date[2026-04-10 10:42:26 EAT], next run at: 2026-04-10 10:42:26 EAT)" executed successfully
2026-04-10 14:00:00 | INFO     | apscheduler.executors.default | Running job "Daily Anomaly Detection Training (trigger: cron[hour='14', minute='0'], next run at: 2026-04-11 14:00:00 EAT)" (scheduled at 2026-04-10 14:00:00+03:00)
2026-04-10 14:00:00 | INFO     | scheduler | 🔄 Starting scheduled anomaly detection training...
2026-04-10 14:00:00 | INFO     | models.anomaly_detector | 🔄 Starting anomaly detection training...
2026-04-10 14:00:04 | INFO     | models.anomaly_detector | 💾 Model and scaler saved to disk
2026-04-10 14:00:04 | INFO     | models.anomaly_detector | 📦 Stored 2 anomalies in memory
2026-04-10 14:00:04 | INFO     | models.anomaly_detector | ✅ Training complete — 2 anomalies detected
2026-04-10 14:00:04 | INFO     | models.anomaly_detector | 📊 Confidence: 0.800
2026-04-10 14:00:04 | INFO     | scheduler | ✅ Anomaly detection training completed
2026-04-10 14:00:04 | INFO     | apscheduler.executors.default | Job "Daily Anomaly Detection Training (trigger: cron[hour='14', minute='0'], next run at: 2026-04-11 14:00:00 EAT)" executed successfully
2026-04-10 15:00:00 | INFO     | apscheduler.executors.default | Running job "Daily Forecast Training (trigger: cron[hour='15', minute='0'], next run at: 2026-04-11 15:00:00 EAT)" (scheduled at 2026-04-10 15:00:00+03:00)
2026-04-10 15:00:00 | INFO     | scheduler | 🔄 Starting scheduled forecast training...
2026-04-10 15:00:00 | INFO     | models.forecast_model | 🔄 Starting forecast training...
2026-04-10 15:00:01 | INFO     | models.forecast_model | 📊 Forecasting for 23 terminals
2026-04-10 15:00:02 | INFO     | prophet | n_changepoints greater than number of observations. Using 1.
2026-04-10 15:00:03 | INFO     | prophet | n_changepoints greater than number of observations. Using 2.
2026-04-10 15:00:04 | WARNING  | models.forecast_model | ⚠️ Skipping CDM22567 — insufficient data
2026-04-10 15:00:05 | INFO     | prophet | n_changepoints greater than number of observations. Using 1.
2026-04-10 15:00:05 | WARNING  | models.forecast_model | ⚠️ Skipping CDM592 — insufficient data
2026-04-10 15:00:05 | INFO     | prophet | n_changepoints greater than number of observations. Using 1.
2026-04-10 15:00:05 | INFO     | prophet | n_changepoints greater than number of observations. Using 4.
2026-04-10 15:00:10 | INFO     | prophet | n_changepoints greater than number of observations. Using 5.
2026-04-10 15:00:10 | INFO     | prophet | n_changepoints greater than number of observations. Using 3.
2026-04-10 15:00:11 | INFO     | prophet | n_changepoints greater than number of observations. Using 5.
2026-04-10 15:00:11 | INFO     | prophet | n_changepoints greater than number of observations. Using 6.
2026-04-10 15:00:11 | INFO     | prophet | n_changepoints greater than number of observations. Using 7.
2026-04-10 15:00:11 | INFO     | prophet | n_changepoints greater than number of observations. Using 6.
2026-04-10 15:00:12 | INFO     | prophet | n_changepoints greater than number of observations. Using 5.
2026-04-10 15:00:12 | INFO     | prophet | n_changepoints greater than number of observations. Using 6.
2026-04-10 15:00:12 | INFO     | prophet | n_changepoints greater than number of observations. Using 6.
2026-04-10 15:00:12 | INFO     | prophet | n_changepoints greater than number of observations. Using 7.
2026-04-10 15:00:12 | INFO     | prophet | n_changepoints greater than number of observations. Using 6.
2026-04-10 15:00:13 | INFO     | prophet | n_changepoints greater than number of observations. Using 3.
2026-04-10 15:00:17 | INFO     | prophet | n_changepoints greater than number of observations. Using 1.
2026-04-10 15:00:17 | INFO     | prophet | n_changepoints greater than number of observations. Using 7.
2026-04-10 15:00:17 | INFO     | prophet | n_changepoints greater than number of observations. Using 1.
2026-04-10 15:00:19 | INFO     | prophet | n_changepoints greater than number of observations. Using 7.
2026-04-10 15:00:19 | INFO     | models.forecast_model | 📦 Stored 357 forecast records in memory
2026-04-10 15:00:19 | INFO     | models.forecast_model | ✅ Forecast training complete using Prophet
2026-04-10 15:00:19 | INFO     | models.forecast_model | 📊 Generated 357 forecast records
2026-04-10 15:00:19 | INFO     | scheduler | ✅ Forecast training completed
2026-04-10 15:00:19 | INFO     | apscheduler.executors.default | Job "Daily Forecast Training (trigger: cron[hour='15', minute='0'], next run at: 2026-04-11 15:00:00 EAT)" executed successfully
2026-04-16 10:42:26 | INFO     | models.anomaly_detector | ✅ Loaded existing anomaly detection model from disk
2026-04-16 10:42:26 | INFO     | main | 🚀 Starting Transaction Monitoring API...
2026-04-16 10:42:26 | INFO     | apscheduler.scheduler | Adding job tentatively -- it will be properly scheduled when the scheduler starts
2026-04-16 10:42:26 | INFO     | apscheduler.scheduler | Adding job tentatively -- it will be properly scheduled when the scheduler starts
2026-04-16 10:42:26 | INFO     | apscheduler.scheduler | Adding job tentatively -- it will be properly scheduled when the scheduler starts
2026-04-16 10:42:26 | INFO     | apscheduler.scheduler | Added job "Daily Anomaly Detection Training" to job store "default"
2026-04-16 10:42:26 | INFO     | apscheduler.scheduler | Added job "Daily Forecast Training" to job store "default"
2026-04-16 10:42:26 | INFO     | apscheduler.scheduler | Added job "Initial Model Training" to job store "default"
2026-04-16 10:42:26 | INFO     | apscheduler.scheduler | Scheduler started
2026-04-16 10:42:26 | INFO     | scheduler | ✅ Scheduler started successfully
2026-04-16 10:42:26 | INFO     | apscheduler.executors.default | Running job "Initial Model Training (trigger: date[2026-04-16 10:42:26 EAT], next run at: 2026-04-16 10:42:26 EAT)" (scheduled at 2026-04-16 10:42:26.386866+03:00)
2026-04-16 10:42:26 | INFO     | apscheduler.scheduler | Removed job initial_training
2026-04-16 10:42:26 | INFO     | scheduler | 📅 Anomaly training scheduled: Daily at 2:00 PM
2026-04-16 10:42:26 | INFO     | scheduler | 🚀 Running initial model training...
2026-04-16 10:42:26 | INFO     | scheduler | 📅 Forecast training scheduled: Daily at 3:00 PM
2026-04-16 10:42:26 | INFO     | scheduler | 🔄 Starting scheduled anomaly detection training...
2026-04-16 10:42:26 | INFO     | main | ✅ Scheduler started — initial training running in background
2026-04-16 10:42:26 | INFO     | models.anomaly_detector | 🔄 Starting anomaly detection training...
2026-04-16 10:42:29 | INFO     | models.anomaly_detector | 💾 Model and scaler saved to disk
2026-04-16 10:42:29 | INFO     | models.anomaly_detector | 📦 Stored 2 anomalies in memory
2026-04-16 10:42:29 | INFO     | models.anomaly_detector | ✅ Training complete — 2 anomalies detected
2026-04-16 10:42:29 | INFO     | models.anomaly_detector | 📊 Confidence: 0.802
2026-04-16 10:42:29 | INFO     | scheduler | ✅ Anomaly detection training completed
2026-04-16 10:42:29 | INFO     | scheduler | 🔄 Starting scheduled forecast training...
2026-04-16 10:42:29 | INFO     | models.forecast_model | 🔄 Starting forecast training...
2026-04-16 10:42:29 | INFO     | models.forecast_model | 📊 Forecasting for 23 terminals
2026-04-16 10:42:31 | ERROR    | prophet.plot | Importing plotly failed. Interactive plots will not work.
2026-04-16 10:42:31 | INFO     | prophet | n_changepoints greater than number of observations. Using 1.
2026-04-16 10:42:32 | INFO     | prophet | n_changepoints greater than number of observations. Using 2.
2026-04-16 10:42:34 | WARNING  | models.forecast_model | ⚠️ Skipping CDM22567 — insufficient data
2026-04-16 10:42:34 | INFO     | prophet | n_changepoints greater than number of observations. Using 1.
2026-04-16 10:42:34 | WARNING  | models.forecast_model | ⚠️ Skipping CDM592 — insufficient data
2026-04-16 10:42:34 | INFO     | prophet | n_changepoints greater than number of observations. Using 1.
2026-04-16 10:42:35 | INFO     | prophet | n_changepoints greater than number of observations. Using 4.
2026-04-16 10:42:41 | INFO     | prophet | n_changepoints greater than number of observations. Using 5.
2026-04-16 10:42:42 | INFO     | prophet | n_changepoints greater than number of observations. Using 3.
2026-04-16 10:42:42 | INFO     | prophet | n_changepoints greater than number of observations. Using 5.
2026-04-16 10:42:42 | INFO     | prophet | n_changepoints greater than number of observations. Using 6.
2026-04-16 10:42:42 | INFO     | prophet | n_changepoints greater than number of observations. Using 7.
2026-04-16 10:42:43 | INFO     | prophet | n_changepoints greater than number of observations. Using 6.
2026-04-16 10:42:43 | INFO     | prophet | n_changepoints greater than number of observations. Using 5.
2026-04-16 10:42:43 | INFO     | prophet | n_changepoints greater than number of observations. Using 6.
2026-04-16 10:42:43 | INFO     | prophet | n_changepoints greater than number of observations. Using 6.
2026-04-16 10:42:44 | INFO     | prophet | n_changepoints greater than number of observations. Using 7.
2026-04-16 10:42:44 | INFO     | prophet | n_changepoints greater than number of observations. Using 6.
2026-04-16 10:42:45 | INFO     | prophet | n_changepoints greater than number of observations. Using 3.
2026-04-16 10:42:48 | INFO     | prophet | n_changepoints greater than number of observations. Using 1.
2026-04-16 10:42:48 | INFO     | prophet | n_changepoints greater than number of observations. Using 7.
2026-04-16 10:42:48 | INFO     | prophet | n_changepoints greater than number of observations. Using 1.
2026-04-16 10:42:49 | INFO     | prophet | n_changepoints greater than number of observations. Using 7.
2026-04-16 10:42:50 | INFO     | models.forecast_model | 📦 Stored 357 forecast records in memory
2026-04-16 10:42:50 | INFO     | models.forecast_model | ✅ Forecast training complete using Prophet
2026-04-16 10:42:50 | INFO     | models.forecast_model | 📊 Generated 357 forecast records
2026-04-16 10:42:50 | INFO     | scheduler | ✅ Forecast training completed
2026-04-16 10:42:50 | INFO     | scheduler | ✅ Initial training complete
2026-04-16 10:42:50 | INFO     | apscheduler.executors.default | Job "Initial Model Training (trigger: date[2026-04-16 10:42:26 EAT], next run at: 2026-04-16 10:42:26 EAT)" executed successfully
2026-04-16 14:11:59 | WARNING  | apscheduler.executors.default | Run time of job "Daily Anomaly Detection Training (trigger: cron[hour='14', minute='0'], next run at: 2026-04-17 14:00:00 EAT)" was missed by 0:11:59.465078
2026-04-16 15:00:00 | INFO     | apscheduler.executors.default | Running job "Daily Forecast Training (trigger: cron[hour='15', minute='0'], next run at: 2026-04-17 15:00:00 EAT)" (scheduled at 2026-04-16 15:00:00+03:00)
2026-04-16 15:00:00 | INFO     | scheduler | 🔄 Starting scheduled forecast training...
2026-04-16 15:00:00 | INFO     | models.forecast_model | 🔄 Starting forecast training...
2026-04-16 15:00:04 | INFO     | models.forecast_model | 📊 Forecasting for 23 terminals
2026-04-16 15:00:05 | INFO     | prophet | n_changepoints greater than number of observations. Using 1.
2026-04-16 15:00:08 | INFO     | prophet | n_changepoints greater than number of observations. Using 2.
2026-04-16 15:00:10 | WARNING  | models.forecast_model | ⚠️ Skipping CDM22567 — insufficient data
2026-04-16 15:00:10 | INFO     | prophet | n_changepoints greater than number of observations. Using 1.
2026-04-16 15:00:10 | WARNING  | models.forecast_model | ⚠️ Skipping CDM592 — insufficient data
2026-04-16 15:00:10 | INFO     | prophet | n_changepoints greater than number of observations. Using 1.
2026-04-16 15:00:11 | INFO     | prophet | n_changepoints greater than number of observations. Using 4.
2026-04-16 15:00:20 | INFO     | prophet | n_changepoints greater than number of observations. Using 5.
2026-04-16 15:00:21 | INFO     | prophet | n_changepoints greater than number of observations. Using 3.
2026-04-16 15:00:21 | INFO     | prophet | n_changepoints greater than number of observations. Using 5.
2026-04-16 15:00:22 | INFO     | prophet | n_changepoints greater than number of observations. Using 6.
2026-04-16 15:00:22 | INFO     | prophet | n_changepoints greater than number of observations. Using 7.
2026-04-16 15:00:23 | INFO     | prophet | n_changepoints greater than number of observations. Using 6.
2026-04-16 15:00:24 | INFO     | prophet | n_changepoints greater than number of observations. Using 5.
2026-04-16 15:00:24 | INFO     | prophet | n_changepoints greater than number of observations. Using 6.
2026-04-16 15:00:25 | INFO     | prophet | n_changepoints greater than number of observations. Using 6.
2026-04-16 15:00:25 | INFO     | prophet | n_changepoints greater than number of observations. Using 7.
2026-04-16 15:00:26 | INFO     | prophet | n_changepoints greater than number of observations. Using 6.
2026-04-16 15:00:27 | INFO     | prophet | n_changepoints greater than number of observations. Using 3.
2026-04-16 15:00:31 | INFO     | prophet | n_changepoints greater than number of observations. Using 1.
2026-04-16 15:00:31 | INFO     | prophet | n_changepoints greater than number of observations. Using 7.
2026-04-16 15:00:32 | INFO     | prophet | n_changepoints greater than number of observations. Using 1.
2026-04-16 15:00:34 | INFO     | prophet | n_changepoints greater than number of observations. Using 7.
2026-04-16 15:00:35 | INFO     | models.forecast_model | 📦 Stored 357 forecast records in memory
2026-04-16 15:00:35 | INFO     | models.forecast_model | ✅ Forecast training complete using Prophet
2026-04-16 15:00:35 | INFO     | models.forecast_model | 📊 Generated 357 forecast records
2026-04-16 15:00:35 | INFO     | scheduler | ✅ Forecast training completed
2026-04-16 15:00:35 | INFO     | apscheduler.executors.default | Job "Daily Forecast Training (trigger: cron[hour='15', minute='0'], next run at: 2026-04-17 15:00:00 EAT)" executed successfully
2026-04-19 23:04:08 | INFO     | models.anomaly_detector | ✅ Loaded existing anomaly detection model from disk
2026-04-19 23:04:09 | INFO     | main | 🚀 Starting Transaction Monitoring API...
2026-04-19 23:04:09 | INFO     | apscheduler.scheduler | Adding job tentatively -- it will be properly scheduled when the scheduler starts
2026-04-19 23:04:09 | INFO     | apscheduler.scheduler | Adding job tentatively -- it will be properly scheduled when the scheduler starts
2026-04-19 23:04:09 | INFO     | apscheduler.scheduler | Adding job tentatively -- it will be properly scheduled when the scheduler starts
2026-04-19 23:04:09 | INFO     | apscheduler.scheduler | Added job "Daily Anomaly Detection Training" to job store "default"
2026-04-19 23:04:09 | INFO     | apscheduler.scheduler | Added job "Daily Forecast Training" to job store "default"
2026-04-19 23:04:09 | INFO     | apscheduler.scheduler | Added job "Initial Model Training" to job store "default"
2026-04-19 23:04:09 | INFO     | apscheduler.scheduler | Scheduler started
2026-04-19 23:04:09 | INFO     | scheduler | ✅ Scheduler started successfully
2026-04-19 23:04:09 | INFO     | apscheduler.executors.default | Running job "Initial Model Training (trigger: date[2026-04-19 23:04:09 EAT], next run at: 2026-04-19 23:04:09 EAT)" (scheduled at 2026-04-19 23:04:09.326454+03:00)
2026-04-19 23:04:09 | INFO     | scheduler | 📅 Anomaly training scheduled: Daily at 2:00 PM
2026-04-19 23:04:09 | INFO     | apscheduler.scheduler | Removed job initial_training
2026-04-19 23:04:09 | INFO     | scheduler | 📅 Forecast training scheduled: Daily at 3:00 PM
2026-04-19 23:04:09 | INFO     | scheduler | 🚀 Running initial model training...
2026-04-19 23:04:09 | INFO     | main | ✅ Scheduler started — initial training running in background
2026-04-19 23:04:09 | INFO     | scheduler | 🔄 Starting scheduled anomaly detection training...
2026-04-19 23:04:09 | INFO     | models.anomaly_detector | 🔄 Starting anomaly detection training...
2026-04-19 23:04:17 | INFO     | models.anomaly_detector | 💾 Model and scaler saved to disk
2026-04-19 23:04:17 | INFO     | models.anomaly_detector | 📦 Stored 2 anomalies in memory
2026-04-19 23:04:17 | INFO     | models.anomaly_detector | ✅ Training complete — 2 anomalies detected
2026-04-19 23:04:17 | INFO     | models.anomaly_detector | 📊 Confidence: 0.801
2026-04-19 23:04:17 | INFO     | scheduler | ✅ Anomaly detection training completed
2026-04-19 23:04:17 | INFO     | scheduler | 🔄 Starting scheduled forecast training...
2026-04-19 23:04:17 | INFO     | models.forecast_model | 🔄 Starting forecast training...
2026-04-19 23:04:17 | INFO     | models.forecast_model | 📊 Forecasting for 23 terminals
2026-04-19 23:04:21 | ERROR    | prophet.plot | Importing plotly failed. Interactive plots will not work.
2026-04-19 23:04:23 | INFO     | prophet | n_changepoints greater than number of observations. Using 1.
2026-04-19 23:04:26 | INFO     | prophet | n_changepoints greater than number of observations. Using 2.
2026-04-19 23:04:28 | WARNING  | models.forecast_model | ⚠️ Skipping CDM22567 — insufficient data
2026-04-19 23:04:29 | INFO     | prophet | n_changepoints greater than number of observations. Using 1.
2026-04-19 23:04:29 | WARNING  | models.forecast_model | ⚠️ Skipping CDM592 — insufficient data
2026-04-19 23:04:30 | INFO     | prophet | n_changepoints greater than number of observations. Using 1.
2026-04-19 23:04:31 | INFO     | prophet | n_changepoints greater than number of observations. Using 4.
2026-04-19 23:04:45 | INFO     | prophet | n_changepoints greater than number of observations. Using 5.
2026-04-19 23:04:45 | INFO     | prophet | n_changepoints greater than number of observations. Using 3.
2026-04-19 23:04:46 | INFO     | prophet | n_changepoints greater than number of observations. Using 5.
2026-04-19 23:04:47 | INFO     | prophet | n_changepoints greater than number of observations. Using 6.
2026-04-19 23:04:47 | INFO     | prophet | n_changepoints greater than number of observations. Using 7.
2026-04-19 23:04:48 | INFO     | prophet | n_changepoints greater than number of observations. Using 6.
2026-04-19 23:04:48 | INFO     | prophet | n_changepoints greater than number of observations. Using 5.
2026-04-19 23:04:49 | INFO     | prophet | n_changepoints greater than number of observations. Using 6.
2026-04-19 23:04:50 | INFO     | prophet | n_changepoints greater than number of observations. Using 6.
2026-04-19 23:04:50 | INFO     | prophet | n_changepoints greater than number of observations. Using 7.
2026-04-19 23:04:51 | INFO     | prophet | n_changepoints greater than number of observations. Using 6.
2026-04-19 23:04:54 | INFO     | prophet | n_changepoints greater than number of observations. Using 3.
2026-04-19 23:05:01 | INFO     | prophet | n_changepoints greater than number of observations. Using 1.
2026-04-19 23:05:02 | INFO     | prophet | n_changepoints greater than number of observations. Using 7.
2026-04-19 23:05:03 | INFO     | prophet | n_changepoints greater than number of observations. Using 1.
2026-04-19 23:05:05 | INFO     | prophet | n_changepoints greater than number of observations. Using 7.
2026-04-19 23:05:06 | INFO     | models.forecast_model | 📦 Stored 357 forecast records in memory
2026-04-19 23:05:06 | INFO     | models.forecast_model | ✅ Forecast training complete using Prophet
2026-04-19 23:05:06 | INFO     | models.forecast_model | 📊 Generated 357 forecast records
2026-04-19 23:05:06 | INFO     | scheduler | ✅ Forecast training completed
2026-04-19 23:05:06 | INFO     | scheduler | ✅ Initial training complete
2026-04-19 23:05:06 | INFO     | apscheduler.executors.default | Job "Initial Model Training (trigger: date[2026-04-19 23:04:09 EAT], next run at: 2026-04-19 23:04:09 EAT)" executed successfully
2026-04-22 10:42:25 | INFO     | models.anomaly_detector | ✅ Loaded existing anomaly detection model from disk
2026-04-22 10:42:25 | INFO     | main | 🚀 Starting Transaction Monitoring API...
2026-04-22 10:42:25 | INFO     | apscheduler.scheduler | Adding job tentatively -- it will be properly scheduled when the scheduler starts
2026-04-22 10:42:25 | INFO     | apscheduler.scheduler | Adding job tentatively -- it will be properly scheduled when the scheduler starts
2026-04-22 10:42:25 | INFO     | apscheduler.scheduler | Adding job tentatively -- it will be properly scheduled when the scheduler starts
2026-04-22 10:42:25 | INFO     | apscheduler.scheduler | Added job "Daily Anomaly Detection Training" to job store "default"
2026-04-22 10:42:25 | INFO     | apscheduler.scheduler | Added job "Daily Forecast Training" to job store "default"
2026-04-22 10:42:25 | INFO     | apscheduler.scheduler | Added job "Initial Model Training" to job store "default"
2026-04-22 10:42:25 | INFO     | apscheduler.scheduler | Scheduler started
2026-04-22 10:42:25 | INFO     | scheduler | ✅ Scheduler started successfully
2026-04-22 10:42:25 | INFO     | apscheduler.executors.default | Running job "Initial Model Training (trigger: date[2026-04-22 10:42:25 EAT], next run at: 2026-04-22 10:42:25 EAT)" (scheduled at 2026-04-22 10:42:25.422987+03:00)
2026-04-22 10:42:25 | INFO     | apscheduler.scheduler | Removed job initial_training
2026-04-22 10:42:25 | INFO     | scheduler | 📅 Anomaly training scheduled: Daily at 2:00 PM
2026-04-22 10:42:25 | INFO     | scheduler | 🚀 Running initial model training...
2026-04-22 10:42:25 | INFO     | scheduler | 📅 Forecast training scheduled: Daily at 3:00 PM
2026-04-22 10:42:25 | INFO     | scheduler | 🔄 Starting scheduled anomaly detection training...
2026-04-22 10:42:25 | INFO     | main | ✅ Scheduler started — initial training running in background
2026-04-22 10:42:25 | INFO     | models.anomaly_detector | 🔄 Starting anomaly detection training...
2026-04-22 10:42:28 | INFO     | models.anomaly_detector | 💾 Model and scaler saved to disk
2026-04-22 10:42:28 | INFO     | models.anomaly_detector | 📦 Stored 2 anomalies in memory
2026-04-22 10:42:28 | INFO     | models.anomaly_detector | ✅ Training complete — 2 anomalies detected
2026-04-22 10:42:28 | INFO     | models.anomaly_detector | 📊 Confidence: 0.802
2026-04-22 10:42:28 | INFO     | scheduler | ✅ Anomaly detection training completed
2026-04-22 10:42:28 | INFO     | scheduler | 🔄 Starting scheduled forecast training...
2026-04-22 10:42:28 | INFO     | models.forecast_model | 🔄 Starting forecast training...
2026-04-22 10:42:28 | INFO     | models.forecast_model | 📊 Forecasting for 23 terminals
2026-04-22 10:42:30 | ERROR    | prophet.plot | Importing plotly failed. Interactive plots will not work.
2026-04-22 10:42:30 | INFO     | prophet | n_changepoints greater than number of observations. Using 1.
2026-04-22 10:42:31 | INFO     | prophet | n_changepoints greater than number of observations. Using 2.
2026-04-22 10:42:33 | WARNING  | models.forecast_model | ⚠️ Skipping CDM22567 — insufficient data
2026-04-22 10:42:33 | INFO     | prophet | n_changepoints greater than number of observations. Using 1.
2026-04-22 10:42:33 | WARNING  | models.forecast_model | ⚠️ Skipping CDM592 — insufficient data
2026-04-22 10:42:33 | INFO     | prophet | n_changepoints greater than number of observations. Using 1.
2026-04-22 10:42:33 | INFO     | prophet | n_changepoints greater than number of observations. Using 4.
2026-04-22 10:42:38 | INFO     | prophet | n_changepoints greater than number of observations. Using 5.
2026-04-22 10:42:38 | INFO     | prophet | n_changepoints greater than number of observations. Using 3.
2026-04-22 10:42:39 | INFO     | prophet | n_changepoints greater than number of observations. Using 5.
2026-04-22 10:42:39 | INFO     | prophet | n_changepoints greater than number of observations. Using 6.
2026-04-22 10:42:39 | INFO     | prophet | n_changepoints greater than number of observations. Using 7.
2026-04-22 10:42:39 | INFO     | prophet | n_changepoints greater than number of observations. Using 6.
2026-04-22 10:42:40 | INFO     | prophet | n_changepoints greater than number of observations. Using 5.
2026-04-22 10:42:40 | INFO     | prophet | n_changepoints greater than number of observations. Using 6.
2026-04-22 10:42:40 | INFO     | prophet | n_changepoints greater than number of observations. Using 6.
2026-04-22 10:42:40 | INFO     | prophet | n_changepoints greater than number of observations. Using 7.
2026-04-22 10:42:41 | INFO     | prophet | n_changepoints greater than number of observations. Using 6.
2026-04-22 10:42:42 | INFO     | prophet | n_changepoints greater than number of observations. Using 3.
2026-04-22 10:42:45 | INFO     | prophet | n_changepoints greater than number of observations. Using 1.
2026-04-22 10:42:45 | INFO     | prophet | n_changepoints greater than number of observations. Using 7.
2026-04-22 10:42:45 | INFO     | prophet | n_changepoints greater than number of observations. Using 1.
2026-04-22 10:42:47 | INFO     | prophet | n_changepoints greater than number of observations. Using 7.
2026-04-22 10:42:47 | INFO     | models.forecast_model | 📦 Stored 357 forecast records in memory
2026-04-22 10:42:47 | INFO     | models.forecast_model | ✅ Forecast training complete using Prophet
2026-04-22 10:42:47 | INFO     | models.forecast_model | 📊 Generated 357 forecast records
2026-04-22 10:42:47 | INFO     | scheduler | ✅ Forecast training completed
2026-04-22 10:42:47 | INFO     | scheduler | ✅ Initial training complete
2026-04-22 10:42:47 | INFO     | apscheduler.executors.default | Job "Initial Model Training (trigger: date[2026-04-22 10:42:25 EAT], next run at: 2026-04-22 10:42:25 EAT)" executed successfully
2026-04-23 10:42:46 | INFO     | models.anomaly_detector | ✅ Loaded existing anomaly detection model from disk
2026-04-23 10:42:46 | INFO     | main | 🚀 Starting Transaction Monitoring API...
2026-04-23 10:42:46 | INFO     | apscheduler.scheduler | Adding job tentatively -- it will be properly scheduled when the scheduler starts
2026-04-23 10:42:46 | INFO     | apscheduler.scheduler | Adding job tentatively -- it will be properly scheduled when the scheduler starts
2026-04-23 10:42:46 | INFO     | apscheduler.scheduler | Adding job tentatively -- it will be properly scheduled when the scheduler starts
2026-04-23 10:42:46 | INFO     | apscheduler.scheduler | Added job "Daily Anomaly Detection Training" to job store "default"
2026-04-23 10:42:46 | INFO     | apscheduler.scheduler | Added job "Daily Forecast Training" to job store "default"
2026-04-23 10:42:46 | INFO     | apscheduler.scheduler | Added job "Initial Model Training" to job store "default"
2026-04-23 10:42:46 | INFO     | apscheduler.scheduler | Scheduler started
2026-04-23 10:42:46 | INFO     | scheduler | ✅ Scheduler started successfully
2026-04-23 10:42:46 | INFO     | scheduler | 📅 Anomaly training scheduled: Daily at 2:00 PM
2026-04-23 10:42:46 | INFO     | apscheduler.scheduler | Removed job initial_training
2026-04-23 10:42:46 | INFO     | scheduler | 📅 Forecast training scheduled: Daily at 3:00 PM
2026-04-23 10:42:46 | INFO     | apscheduler.executors.default | Running job "Initial Model Training (trigger: date[2026-04-23 10:42:46 EAT], next run at: 2026-04-23 10:42:46 EAT)" (scheduled at 2026-04-23 10:42:46.717829+03:00)
2026-04-23 10:42:46 | INFO     | main | ✅ Scheduler started — initial training running in background
2026-04-23 10:42:46 | INFO     | scheduler | 🚀 Running initial model training...
2026-04-23 10:42:46 | INFO     | scheduler | 🔄 Starting scheduled anomaly detection training...
2026-04-23 10:42:46 | INFO     | models.anomaly_detector | 🔄 Starting anomaly detection training...
2026-04-23 10:42:52 | INFO     | models.anomaly_detector | 💾 Model and scaler saved to disk
2026-04-23 10:42:52 | INFO     | models.anomaly_detector | 📦 Stored 2 anomalies in memory
2026-04-23 10:42:52 | INFO     | models.anomaly_detector | ✅ Training complete — 2 anomalies detected
2026-04-23 10:42:52 | INFO     | models.anomaly_detector | 📊 Confidence: 0.802
2026-04-23 10:42:52 | INFO     | scheduler | ✅ Anomaly detection training completed
2026-04-23 10:42:52 | INFO     | scheduler | 🔄 Starting scheduled forecast training...
2026-04-23 10:42:52 | INFO     | models.forecast_model | 🔄 Starting forecast training...
2026-04-23 10:42:52 | INFO     | models.forecast_model | 📊 Forecasting for 23 terminals
2026-04-23 10:42:55 | ERROR    | prophet.plot | Importing plotly failed. Interactive plots will not work.
2026-04-23 10:42:56 | INFO     | prophet | n_changepoints greater than number of observations. Using 1.
2026-04-23 10:42:57 | INFO     | prophet | n_changepoints greater than number of observations. Using 2.
2026-04-23 10:42:59 | WARNING  | models.forecast_model | ⚠️ Skipping CDM22567 — insufficient data
2026-04-23 10:42:59 | INFO     | prophet | n_changepoints greater than number of observations. Using 1.
2026-04-23 10:43:00 | WARNING  | models.forecast_model | ⚠️ Skipping CDM592 — insufficient data
2026-04-23 10:43:00 | INFO     | prophet | n_changepoints greater than number of observations. Using 1.
2026-04-23 10:43:01 | INFO     | prophet | n_changepoints greater than number of observations. Using 4.
2026-04-23 10:43:09 | INFO     | prophet | n_changepoints greater than number of observations. Using 5.
2026-04-23 10:43:10 | INFO     | prophet | n_changepoints greater than number of observations. Using 3.
2026-04-23 10:43:10 | INFO     | prophet | n_changepoints greater than number of observations. Using 5.
2026-04-23 10:43:11 | INFO     | prophet | n_changepoints greater than number of observations. Using 6.
2026-04-23 10:43:11 | INFO     | prophet | n_changepoints greater than number of observations. Using 7.
2026-04-23 10:43:12 | INFO     | prophet | n_changepoints greater than number of observations. Using 6.
2026-04-23 10:43:12 | INFO     | prophet | n_changepoints greater than number of observations. Using 5.
2026-04-23 10:43:13 | INFO     | prophet | n_changepoints greater than number of observations. Using 6.
2026-04-23 10:43:13 | INFO     | prophet | n_changepoints greater than number of observations. Using 6.
2026-04-23 10:43:14 | INFO     | prophet | n_changepoints greater than number of observations. Using 7.
2026-04-23 10:43:14 | INFO     | prophet | n_changepoints greater than number of observations. Using 6.
2026-04-23 10:43:15 | INFO     | prophet | n_changepoints greater than number of observations. Using 3.
2026-04-23 10:43:19 | INFO     | prophet | n_changepoints greater than number of observations. Using 1.
2026-04-23 10:43:19 | INFO     | prophet | n_changepoints greater than number of observations. Using 7.
2026-04-23 10:43:20 | INFO     | prophet | n_changepoints greater than number of observations. Using 1.
2026-04-23 10:43:21 | INFO     | prophet | n_changepoints greater than number of observations. Using 7.
2026-04-23 10:43:22 | INFO     | models.forecast_model | 📦 Stored 357 forecast records in memory
2026-04-23 10:43:22 | INFO     | models.forecast_model | ✅ Forecast training complete using Prophet
2026-04-23 10:43:22 | INFO     | models.forecast_model | 📊 Generated 357 forecast records
2026-04-23 10:43:22 | INFO     | scheduler | ✅ Forecast training completed
2026-04-23 10:43:22 | INFO     | scheduler | ✅ Initial training complete
2026-04-23 10:43:22 | INFO     | apscheduler.executors.default | Job "Initial Model Training (trigger: date[2026-04-23 10:42:46 EAT], next run at: 2026-04-23 10:42:46 EAT)" executed successfully
2026-04-23 14:00:00 | INFO     | apscheduler.executors.default | Running job "Daily Anomaly Detection Training (trigger: cron[hour='14', minute='0'], next run at: 2026-04-24 14:00:00 EAT)" (scheduled at 2026-04-23 14:00:00+03:00)
2026-04-23 14:00:00 | INFO     | scheduler | 🔄 Starting scheduled anomaly detection training...
2026-04-23 14:00:00 | INFO     | models.anomaly_detector | 🔄 Starting anomaly detection training...
2026-04-23 14:00:03 | INFO     | models.anomaly_detector | 💾 Model and scaler saved to disk
2026-04-23 14:00:03 | INFO     | models.anomaly_detector | 📦 Stored 2 anomalies in memory
2026-04-23 14:00:03 | INFO     | models.anomaly_detector | ✅ Training complete — 2 anomalies detected
2026-04-23 14:00:03 | INFO     | models.anomaly_detector | 📊 Confidence: 0.803
2026-04-23 14:00:03 | INFO     | scheduler | ✅ Anomaly detection training completed
2026-04-23 14:00:03 | INFO     | apscheduler.executors.default | Job "Daily Anomaly Detection Training (trigger: cron[hour='14', minute='0'], next run at: 2026-04-24 14:00:00 EAT)" executed successfully
2026-04-23 15:00:00 | INFO     | apscheduler.executors.default | Running job "Daily Forecast Training (trigger: cron[hour='15', minute='0'], next run at: 2026-04-24 15:00:00 EAT)" (scheduled at 2026-04-23 15:00:00+03:00)
2026-04-23 15:00:00 | INFO     | scheduler | 🔄 Starting scheduled forecast training...
2026-04-23 15:00:00 | INFO     | models.forecast_model | 🔄 Starting forecast training...
2026-04-23 15:00:01 | INFO     | models.forecast_model | 📊 Forecasting for 23 terminals
2026-04-23 15:00:02 | INFO     | prophet | n_changepoints greater than number of observations. Using 1.
2026-04-23 15:00:03 | INFO     | prophet | n_changepoints greater than number of observations. Using 2.
2026-04-23 15:00:05 | WARNING  | models.forecast_model | ⚠️ Skipping CDM22567 — insufficient data
2026-04-23 15:00:05 | INFO     | prophet | n_changepoints greater than number of observations. Using 1.
2026-04-23 15:00:05 | WARNING  | models.forecast_model | ⚠️ Skipping CDM592 — insufficient data
2026-04-23 15:00:05 | INFO     | prophet | n_changepoints greater than number of observations. Using 1.
2026-04-23 15:00:06 | INFO     | prophet | n_changepoints greater than number of observations. Using 4.
2026-04-23 15:00:10 | INFO     | prophet | n_changepoints greater than number of observations. Using 5.
2026-04-23 15:00:11 | INFO     | prophet | n_changepoints greater than number of observations. Using 3.
2026-04-23 15:00:11 | INFO     | prophet | n_changepoints greater than number of observations. Using 5.
2026-04-23 15:00:11 | INFO     | prophet | n_changepoints greater than number of observations. Using 6.
2026-04-23 15:00:12 | INFO     | prophet | n_changepoints greater than number of observations. Using 7.
2026-04-23 15:00:12 | INFO     | prophet | n_changepoints greater than number of observations. Using 6.
2026-04-23 15:00:12 | INFO     | prophet | n_changepoints greater than number of observations. Using 5.
2026-04-23 15:00:12 | INFO     | prophet | n_changepoints greater than number of observations. Using 6.
2026-04-23 15:00:13 | INFO     | prophet | n_changepoints greater than number of observations. Using 6.
2026-04-23 15:00:13 | INFO     | prophet | n_changepoints greater than number of observations. Using 7.
2026-04-23 15:00:13 | INFO     | prophet | n_changepoints greater than number of observations. Using 6.
2026-04-23 15:00:14 | INFO     | prophet | n_changepoints greater than number of observations. Using 3.
2026-04-23 15:00:17 | INFO     | prophet | n_changepoints greater than number of observations. Using 1.
2026-04-23 15:00:17 | INFO     | prophet | n_changepoints greater than number of observations. Using 7.
2026-04-23 15:00:17 | INFO     | prophet | n_changepoints greater than number of observations. Using 1.
2026-04-23 15:00:19 | INFO     | prophet | n_changepoints greater than number of observations. Using 7.
2026-04-23 15:00:19 | INFO     | models.forecast_model | 📦 Stored 357 forecast records in memory
2026-04-23 15:00:19 | INFO     | models.forecast_model | ✅ Forecast training complete using Prophet
2026-04-23 15:00:19 | INFO     | models.forecast_model | 📊 Generated 357 forecast records
2026-04-23 15:00:19 | INFO     | scheduler | ✅ Forecast training completed
2026-04-23 15:00:19 | INFO     | apscheduler.executors.default | Job "Daily Forecast Training (trigger: cron[hour='15', minute='0'], next run at: 2026-04-24 15:00:00 EAT)" executed successfully
2026-05-05 10:42:24 | INFO     | models.anomaly_detector | ✅ Loaded existing anomaly detection model from disk
2026-05-05 10:42:24 | INFO     | main | 🚀 Starting Transaction Monitoring API...
2026-05-05 10:42:24 | INFO     | apscheduler.scheduler | Adding job tentatively -- it will be properly scheduled when the scheduler starts
2026-05-05 10:42:24 | INFO     | apscheduler.scheduler | Adding job tentatively -- it will be properly scheduled when the scheduler starts
2026-05-05 10:42:24 | INFO     | apscheduler.scheduler | Adding job tentatively -- it will be properly scheduled when the scheduler starts
2026-05-05 10:42:24 | INFO     | apscheduler.scheduler | Added job "Daily Anomaly Detection Training" to job store "default"
2026-05-05 10:42:24 | INFO     | apscheduler.scheduler | Added job "Daily Forecast Training" to job store "default"
2026-05-05 10:42:24 | INFO     | apscheduler.scheduler | Added job "Initial Model Training" to job store "default"
2026-05-05 10:42:24 | INFO     | apscheduler.scheduler | Scheduler started
2026-05-05 10:42:24 | INFO     | scheduler | ✅ Scheduler started successfully
2026-05-05 10:42:24 | INFO     | scheduler | 📅 Anomaly training scheduled: Daily at 2:00 PM
2026-05-05 10:42:24 | INFO     | apscheduler.scheduler | Removed job initial_training
2026-05-05 10:42:24 | INFO     | apscheduler.executors.default | Running job "Initial Model Training (trigger: date[2026-05-05 10:42:24 EAT], next run at: 2026-05-05 10:42:24 EAT)" (scheduled at 2026-05-05 10:42:24.397076+03:00)
2026-05-05 10:42:24 | INFO     | scheduler | 📅 Forecast training scheduled: Daily at 3:00 PM
2026-05-05 10:42:24 | INFO     | scheduler | 🚀 Running initial model training...
2026-05-05 10:42:24 | INFO     | main | ✅ Scheduler started — initial training running in background
2026-05-05 10:42:24 | INFO     | scheduler | 🔄 Starting scheduled anomaly detection training...
2026-05-05 10:42:24 | INFO     | models.anomaly_detector | 🔄 Starting anomaly detection training...
2026-05-05 10:42:29 | INFO     | models.anomaly_detector | 💾 Model and scaler saved to disk
2026-05-05 10:42:29 | INFO     | models.anomaly_detector | 📦 Stored 1 anomalies in memory
2026-05-05 10:42:29 | INFO     | models.anomaly_detector | ✅ Training complete — 1 anomalies detected
2026-05-05 10:42:29 | INFO     | models.anomaly_detector | 📊 Confidence: 0.816
2026-05-05 10:42:29 | INFO     | scheduler | ✅ Anomaly detection training completed
2026-05-05 10:42:29 | INFO     | scheduler | 🔄 Starting scheduled forecast training...
2026-05-05 10:42:29 | INFO     | models.forecast_model | 🔄 Starting forecast training...
2026-05-05 10:42:30 | INFO     | models.forecast_model | 📊 Forecasting for 23 terminals
2026-05-05 10:42:31 | ERROR    | prophet.plot | Importing plotly failed. Interactive plots will not work.
2026-05-05 10:42:32 | INFO     | prophet | n_changepoints greater than number of observations. Using 1.
2026-05-05 10:42:33 | INFO     | prophet | n_changepoints greater than number of observations. Using 2.
2026-05-05 10:42:35 | WARNING  | models.forecast_model | ⚠️ Skipping CDM22567 — insufficient data
2026-05-05 10:42:35 | INFO     | prophet | n_changepoints greater than number of observations. Using 1.
2026-05-05 10:42:35 | WARNING  | models.forecast_model | ⚠️ Skipping CDM592 — insufficient data
2026-05-05 10:42:35 | INFO     | prophet | n_changepoints greater than number of observations. Using 1.
2026-05-05 10:42:36 | INFO     | prophet | n_changepoints greater than number of observations. Using 4.
2026-05-05 10:42:41 | INFO     | prophet | n_changepoints greater than number of observations. Using 5.
2026-05-05 10:42:42 | INFO     | prophet | n_changepoints greater than number of observations. Using 3.
2026-05-05 10:42:42 | INFO     | prophet | n_changepoints greater than number of observations. Using 5.
2026-05-05 10:42:43 | INFO     | prophet | n_changepoints greater than number of observations. Using 6.
2026-05-05 10:42:43 | INFO     | prophet | n_changepoints greater than number of observations. Using 7.
2026-05-05 10:42:43 | INFO     | prophet | n_changepoints greater than number of observations. Using 6.
2026-05-05 10:42:43 | INFO     | prophet | n_changepoints greater than number of observations. Using 5.
2026-05-05 10:42:44 | INFO     | prophet | n_changepoints greater than number of observations. Using 6.
2026-05-05 10:42:44 | INFO     | prophet | n_changepoints greater than number of observations. Using 6.
2026-05-05 10:42:44 | INFO     | prophet | n_changepoints greater than number of observations. Using 7.
2026-05-05 10:42:44 | INFO     | prophet | n_changepoints greater than number of observations. Using 6.
2026-05-05 10:42:45 | INFO     | prophet | n_changepoints greater than number of observations. Using 3.
2026-05-05 10:42:48 | INFO     | prophet | n_changepoints greater than number of observations. Using 1.
2026-05-05 10:42:48 | INFO     | prophet | n_changepoints greater than number of observations. Using 7.
2026-05-05 10:42:49 | INFO     | prophet | n_changepoints greater than number of observations. Using 1.
2026-05-05 10:42:50 | INFO     | prophet | n_changepoints greater than number of observations. Using 7.
2026-05-05 10:42:51 | INFO     | models.forecast_model | 📦 Stored 357 forecast records in memory
2026-05-05 10:42:51 | INFO     | models.forecast_model | ✅ Forecast training complete using Prophet
2026-05-05 10:42:51 | INFO     | models.forecast_model | 📊 Generated 357 forecast records
2026-05-05 10:42:51 | INFO     | scheduler | ✅ Forecast training completed
2026-05-05 10:42:51 | INFO     | scheduler | ✅ Initial training complete
2026-05-05 10:42:51 | INFO     | apscheduler.executors.default | Job "Initial Model Training (trigger: date[2026-05-05 10:42:24 EAT], next run at: 2026-05-05 10:42:24 EAT)" executed successfully
2026-05-05 14:00:00 | INFO     | apscheduler.executors.default | Running job "Daily Anomaly Detection Training (trigger: cron[hour='14', minute='0'], next run at: 2026-05-06 14:00:00 EAT)" (scheduled at 2026-05-05 14:00:00+03:00)
2026-05-05 14:00:00 | INFO     | scheduler | 🔄 Starting scheduled anomaly detection training...
2026-05-05 14:00:00 | INFO     | models.anomaly_detector | 🔄 Starting anomaly detection training...
2026-05-05 14:00:08 | INFO     | models.anomaly_detector | 💾 Model and scaler saved to disk
2026-05-05 14:00:09 | INFO     | models.anomaly_detector | 📦 Stored 1 anomalies in memory
2026-05-05 14:00:09 | INFO     | models.anomaly_detector | ✅ Training complete — 1 anomalies detected
2026-05-05 14:00:09 | INFO     | models.anomaly_detector | 📊 Confidence: 0.812
2026-05-05 14:00:09 | INFO     | scheduler | ✅ Anomaly detection training completed
2026-05-05 14:00:09 | INFO     | apscheduler.executors.default | Job "Daily Anomaly Detection Training (trigger: cron[hour='14', minute='0'], next run at: 2026-05-06 14:00:00 EAT)" executed successfully
2026-05-05 15:00:00 | INFO     | apscheduler.executors.default | Running job "Daily Forecast Training (trigger: cron[hour='15', minute='0'], next run at: 2026-05-06 15:00:00 EAT)" (scheduled at 2026-05-05 15:00:00+03:00)
2026-05-05 15:00:00 | INFO     | scheduler | 🔄 Starting scheduled forecast training...
2026-05-05 15:00:00 | INFO     | models.forecast_model | 🔄 Starting forecast training...
2026-05-05 15:00:02 | INFO     | models.forecast_model | 📊 Forecasting for 23 terminals
2026-05-05 15:00:05 | INFO     | prophet | n_changepoints greater than number of observations. Using 1.
2026-05-05 15:00:07 | INFO     | prophet | n_changepoints greater than number of observations. Using 2.
2026-05-05 15:00:12 | WARNING  | models.forecast_model | ⚠️ Skipping CDM22567 — insufficient data
2026-05-05 15:00:12 | INFO     | prophet | n_changepoints greater than number of observations. Using 1.
2026-05-05 15:00:13 | WARNING  | models.forecast_model | ⚠️ Skipping CDM592 — insufficient data
2026-05-05 15:00:13 | INFO     | prophet | n_changepoints greater than number of observations. Using 1.
2026-05-05 15:00:15 | INFO     | prophet | n_changepoints greater than number of observations. Using 4.
2026-05-05 15:00:33 | INFO     | prophet | n_changepoints greater than number of observations. Using 5.
2026-05-05 15:00:34 | INFO     | prophet | n_changepoints greater than number of observations. Using 3.
2026-05-05 15:00:35 | INFO     | prophet | n_changepoints greater than number of observations. Using 5.
2026-05-05 15:00:36 | INFO     | prophet | n_changepoints greater than number of observations. Using 6.
2026-05-05 15:00:37 | INFO     | prophet | n_changepoints greater than number of observations. Using 7.
2026-05-05 15:00:37 | INFO     | prophet | n_changepoints greater than number of observations. Using 6.
2026-05-05 15:00:38 | INFO     | prophet | n_changepoints greater than number of observations. Using 5.
2026-05-05 15:00:39 | INFO     | prophet | n_changepoints greater than number of observations. Using 6.
2026-05-05 15:00:39 | INFO     | prophet | n_changepoints greater than number of observations. Using 6.
2026-05-05 15:00:40 | INFO     | prophet | n_changepoints greater than number of observations. Using 7.
2026-05-05 15:00:41 | INFO     | prophet | n_changepoints greater than number of observations. Using 6.
2026-05-05 15:00:44 | INFO     | prophet | n_changepoints greater than number of observations. Using 3.
2026-05-05 15:00:54 | INFO     | prophet | n_changepoints greater than number of observations. Using 1.
2026-05-05 15:00:56 | INFO     | prophet | n_changepoints greater than number of observations. Using 7.
2026-05-05 15:00:57 | INFO     | prophet | n_changepoints greater than number of observations. Using 1.
2026-05-05 15:01:01 | INFO     | prophet | n_changepoints greater than number of observations. Using 7.
2026-05-05 15:01:02 | INFO     | models.forecast_model | 📦 Stored 357 forecast records in memory
2026-05-05 15:01:02 | INFO     | models.forecast_model | ✅ Forecast training complete using Prophet
2026-05-05 15:01:02 | INFO     | models.forecast_model | 📊 Generated 357 forecast records
2026-05-05 15:01:02 | INFO     | scheduler | ✅ Forecast training completed
2026-05-05 15:01:02 | INFO     | apscheduler.executors.default | Job "Daily Forecast Training (trigger: cron[hour='15', minute='0'], next run at: 2026-05-06 15:00:00 EAT)" executed successfully
2026-05-09 10:05:05 | WARNING  | apscheduler.executors.default | Run time of job "Daily Forecast Training (trigger: cron[hour='15', minute='0'], next run at: 2026-05-09 15:00:00 EAT)" was missed by 19:05:05.888334
2026-05-09 10:05:05 | WARNING  | apscheduler.executors.default | Run time of job "Daily Anomaly Detection Training (trigger: cron[hour='14', minute='0'], next run at: 2026-05-09 14:00:00 EAT)" was missed by 20:05:05.928036
2026-05-11 09:10:37 | WARNING  | apscheduler.executors.default | Run time of job "Daily Anomaly Detection Training (trigger: cron[hour='14', minute='0'], next run at: 2026-05-11 14:00:00 EAT)" was missed by 19:10:37.065049
2026-05-11 09:10:37 | WARNING  | apscheduler.executors.default | Run time of job "Daily Forecast Training (trigger: cron[hour='15', minute='0'], next run at: 2026-05-11 15:00:00 EAT)" was missed by 18:10:37.069902
2026-05-11 12:49:07 | INFO     | models.anomaly_detector | ✅ Loaded existing anomaly detection model from disk
2026-05-11 12:49:07 | INFO     | models.anomaly_detector | ✅ Loaded existing anomaly detection model from disk
2026-05-11 12:49:07 | INFO     | main | 🚀 Starting Transaction Monitoring API...
2026-05-11 12:49:07 | INFO     | apscheduler.scheduler | Adding job tentatively -- it will be properly scheduled when the scheduler starts
2026-05-11 12:49:07 | INFO     | apscheduler.scheduler | Adding job tentatively -- it will be properly scheduled when the scheduler starts
2026-05-11 12:49:07 | INFO     | apscheduler.scheduler | Adding job tentatively -- it will be properly scheduled when the scheduler starts
2026-05-11 12:49:07 | INFO     | apscheduler.scheduler | Added job "Daily Anomaly Detection Training" to job store "default"
2026-05-11 12:49:07 | INFO     | apscheduler.scheduler | Added job "Daily Forecast Training" to job store "default"
2026-05-11 12:49:07 | INFO     | apscheduler.scheduler | Added job "Initial Model Training" to job store "default"
2026-05-11 12:49:07 | INFO     | apscheduler.scheduler | Scheduler started
2026-05-11 12:49:07 | INFO     | scheduler | ✅ Scheduler started successfully
2026-05-11 12:49:07 | INFO     | apscheduler.executors.default | Running job "Initial Model Training (trigger: date[2026-05-11 12:49:07 EAT], next run at: 2026-05-11 12:49:07 EAT)" (scheduled at 2026-05-11 12:49:07.915854+03:00)
2026-05-11 12:49:07 | INFO     | scheduler | 🚀 Running initial model training...
2026-05-11 12:49:07 | INFO     | scheduler | 📅 Anomaly training scheduled: Daily at 2:00 PM
2026-05-11 12:49:07 | INFO     | apscheduler.scheduler | Removed job initial_training
2026-05-11 12:49:07 | INFO     | scheduler | 🔄 Starting scheduled anomaly detection training...
2026-05-11 12:49:07 | INFO     | scheduler | 📅 Forecast training scheduled: Daily at 3:00 PM
2026-05-11 12:49:07 | INFO     | models.anomaly_detector | 🔄 Starting anomaly detection training...
2026-05-11 12:49:07 | INFO     | main | ✅ Scheduler started — initial training running in background
2026-05-11 12:49:12 | INFO     | models.anomaly_detector | 💾 Model and scaler saved to disk
2026-05-11 12:49:12 | INFO     | models.anomaly_detector | 📦 Stored 1 anomalies in memory
2026-05-11 12:49:12 | INFO     | models.anomaly_detector | ✅ Training complete — 1 anomalies detected
2026-05-11 12:49:12 | INFO     | models.anomaly_detector | 📊 Confidence: 0.817
2026-05-11 12:49:12 | INFO     | scheduler | ✅ Anomaly detection training completed
2026-05-11 12:49:12 | INFO     | scheduler | 🔄 Starting scheduled forecast training...
2026-05-11 12:49:12 | INFO     | models.forecast_model | 🔄 Starting forecast training...
2026-05-11 12:49:13 | INFO     | models.forecast_model | 📊 Forecasting for 23 terminals
2026-05-11 12:49:15 | ERROR    | prophet.plot | Importing plotly failed. Interactive plots will not work.
2026-05-11 12:49:16 | INFO     | prophet | n_changepoints greater than number of observations. Using 1.
2026-05-11 12:49:17 | INFO     | prophet | n_changepoints greater than number of observations. Using 2.
2026-05-11 12:49:19 | WARNING  | models.forecast_model | ⚠️ Skipping CDM22567 — insufficient data
2026-05-11 12:49:19 | INFO     | prophet | n_changepoints greater than number of observations. Using 1.
2026-05-11 12:49:19 | WARNING  | models.forecast_model | ⚠️ Skipping CDM592 — insufficient data
2026-05-11 12:49:19 | INFO     | prophet | n_changepoints greater than number of observations. Using 1.
2026-05-11 12:49:20 | INFO     | prophet | n_changepoints greater than number of observations. Using 4.
2026-05-11 12:49:26 | INFO     | prophet | n_changepoints greater than number of observations. Using 5.
2026-05-11 12:49:26 | INFO     | prophet | n_changepoints greater than number of observations. Using 3.
2026-05-11 12:49:27 | INFO     | prophet | n_changepoints greater than number of observations. Using 5.
2026-05-11 12:49:27 | INFO     | prophet | n_changepoints greater than number of observations. Using 6.
2026-05-11 12:49:27 | INFO     | prophet | n_changepoints greater than number of observations. Using 7.
2026-05-11 12:49:27 | INFO     | prophet | n_changepoints greater than number of observations. Using 6.
2026-05-11 12:49:28 | INFO     | prophet | n_changepoints greater than number of observations. Using 5.
2026-05-11 12:49:28 | INFO     | prophet | n_changepoints greater than number of observations. Using 6.
2026-05-11 12:49:28 | INFO     | prophet | n_changepoints greater than number of observations. Using 6.
2026-05-11 12:49:29 | INFO     | prophet | n_changepoints greater than number of observations. Using 7.
2026-05-11 12:49:29 | INFO     | prophet | n_changepoints greater than number of observations. Using 6.
2026-05-11 12:49:30 | INFO     | prophet | n_changepoints greater than number of observations. Using 3.
2026-05-11 12:49:34 | INFO     | prophet | n_changepoints greater than number of observations. Using 1.
2026-05-11 12:49:34 | INFO     | prophet | n_changepoints greater than number of observations. Using 7.
2026-05-11 12:49:34 | INFO     | prophet | n_changepoints greater than number of observations. Using 1.
2026-05-11 12:49:36 | INFO     | prophet | n_changepoints greater than number of observations. Using 7.
2026-05-11 12:49:37 | INFO     | models.forecast_model | 📦 Stored 357 forecast records in memory
2026-05-11 12:49:37 | INFO     | models.forecast_model | ✅ Forecast training complete using Prophet
2026-05-11 12:49:37 | INFO     | models.forecast_model | 📊 Generated 357 forecast records
2026-05-11 12:49:37 | INFO     | scheduler | ✅ Forecast training completed
2026-05-11 12:49:37 | INFO     | scheduler | ✅ Initial training complete
2026-05-11 12:49:37 | INFO     | apscheduler.executors.default | Job "Initial Model Training (trigger: date[2026-05-11 12:49:07 EAT], next run at: 2026-05-11 12:49:07 EAT)" executed successfully
2026-05-11 14:00:00 | INFO     | apscheduler.executors.default | Running job "Daily Anomaly Detection Training (trigger: cron[hour='14', minute='0'], next run at: 2026-05-12 14:00:00 EAT)" (scheduled at 2026-05-11 14:00:00+03:00)
2026-05-11 14:00:00 | INFO     | scheduler | 🔄 Starting scheduled anomaly detection training...
2026-05-11 14:00:00 | INFO     | models.anomaly_detector | 🔄 Starting anomaly detection training...
2026-05-11 14:00:00 | INFO     | apscheduler.executors.default | Running job "Daily Anomaly Detection Training (trigger: cron[hour='14', minute='0'], next run at: 2026-05-12 14:00:00 EAT)" (scheduled at 2026-05-11 14:00:00+03:00)
2026-05-11 14:00:00 | INFO     | scheduler | 🔄 Starting scheduled anomaly detection training...
2026-05-11 14:00:00 | INFO     | models.anomaly_detector | 🔄 Starting anomaly detection training...
2026-05-11 14:00:04 | INFO     | models.anomaly_detector | 💾 Model and scaler saved to disk
2026-05-11 14:00:04 | INFO     | models.anomaly_detector | 📦 Stored 1 anomalies in memory
2026-05-11 14:00:04 | INFO     | models.anomaly_detector | ✅ Training complete — 1 anomalies detected
2026-05-11 14:00:04 | INFO     | models.anomaly_detector | 📊 Confidence: 0.816
2026-05-11 14:00:04 | INFO     | scheduler | ✅ Anomaly detection training completed
2026-05-11 14:00:04 | INFO     | apscheduler.executors.default | Job "Daily Anomaly Detection Training (trigger: cron[hour='14', minute='0'], next run at: 2026-05-12 14:00:00 EAT)" executed successfully
2026-05-11 14:00:05 | INFO     | models.anomaly_detector | 💾 Model and scaler saved to disk
2026-05-11 14:00:05 | INFO     | models.anomaly_detector | 📦 Stored 1 anomalies in memory
2026-05-11 14:00:05 | INFO     | models.anomaly_detector | ✅ Training complete — 1 anomalies detected
2026-05-11 14:00:05 | INFO     | models.anomaly_detector | 📊 Confidence: 0.816
2026-05-11 14:00:05 | INFO     | scheduler | ✅ Anomaly detection training completed
2026-05-11 14:00:05 | INFO     | apscheduler.executors.default | Job "Daily Anomaly Detection Training (trigger: cron[hour='14', minute='0'], next run at: 2026-05-12 14:00:00 EAT)" executed successfully
2026-05-11 14:58:37 | INFO     | models.anomaly_detector | ✅ Loaded existing anomaly detection model from disk
2026-05-11 14:58:37 | INFO     | models.anomaly_detector | ✅ Loaded existing anomaly detection model from disk
2026-05-11 14:58:37 | INFO     | main | 🚀 Starting Transaction Monitoring API...
2026-05-11 14:58:37 | INFO     | apscheduler.scheduler | Adding job tentatively -- it will be properly scheduled when the scheduler starts
2026-05-11 14:58:37 | INFO     | apscheduler.scheduler | Adding job tentatively -- it will be properly scheduled when the scheduler starts
2026-05-11 14:58:37 | INFO     | apscheduler.scheduler | Adding job tentatively -- it will be properly scheduled when the scheduler starts
2026-05-11 14:58:37 | INFO     | apscheduler.scheduler | Added job "Daily Anomaly Detection Training" to job store "default"
2026-05-11 14:58:37 | INFO     | apscheduler.scheduler | Added job "Daily Forecast Training" to job store "default"
2026-05-11 14:58:37 | INFO     | apscheduler.scheduler | Added job "Initial Model Training" to job store "default"
2026-05-11 14:58:37 | INFO     | apscheduler.scheduler | Scheduler started
2026-05-11 14:58:37 | INFO     | scheduler | ✅ Scheduler started successfully
2026-05-11 14:58:37 | INFO     | apscheduler.executors.default | Running job "Initial Model Training (trigger: date[2026-05-11 14:58:37 EAT], next run at: 2026-05-11 14:58:37 EAT)" (scheduled at 2026-05-11 14:58:37.682686+03:00)
2026-05-11 14:58:37 | INFO     | scheduler | 📅 Anomaly training scheduled: Daily at 2:00 PM
2026-05-11 14:58:37 | INFO     | apscheduler.scheduler | Removed job initial_training
2026-05-11 14:58:37 | INFO     | scheduler | 📅 Forecast training scheduled: Daily at 3:00 PM
2026-05-11 14:58:37 | INFO     | scheduler | 🚀 Running initial model training...
2026-05-11 14:58:37 | INFO     | main | ✅ Scheduler started — initial training running in background
2026-05-11 14:58:37 | INFO     | scheduler | 🔄 Starting scheduled anomaly detection training...
2026-05-11 14:58:37 | INFO     | models.anomaly_detector | 🔄 Starting anomaly detection training...
2026-05-11 14:58:42 | INFO     | models.anomaly_detector | 💾 Model and scaler saved to disk
2026-05-11 14:58:42 | INFO     | models.anomaly_detector | 📦 Stored 1 anomalies in memory
2026-05-11 14:58:42 | INFO     | models.anomaly_detector | ✅ Training complete — 1 anomalies detected
2026-05-11 14:58:42 | INFO     | models.anomaly_detector | 📊 Confidence: 0.817
2026-05-11 14:58:42 | INFO     | scheduler | ✅ Anomaly detection training completed
2026-05-11 14:58:42 | INFO     | scheduler | 🔄 Starting scheduled forecast training...
2026-05-11 14:58:42 | INFO     | models.forecast_model | 🔄 Starting forecast training...
2026-05-11 14:58:43 | INFO     | models.forecast_model | 📊 Forecasting for 23 terminals
2026-05-11 14:58:44 | ERROR    | prophet.plot | Importing plotly failed. Interactive plots will not work.
2026-05-11 14:58:46 | INFO     | prophet | n_changepoints greater than number of observations. Using 1.
2026-05-11 14:58:47 | INFO     | prophet | n_changepoints greater than number of observations. Using 2.
2026-05-11 14:58:49 | WARNING  | models.forecast_model | ⚠️ Skipping CDM22567 — insufficient data
2026-05-11 14:58:50 | INFO     | prophet | n_changepoints greater than number of observations. Using 1.
2026-05-11 14:58:50 | WARNING  | models.forecast_model | ⚠️ Skipping CDM592 — insufficient data
2026-05-11 14:58:50 | INFO     | prophet | n_changepoints greater than number of observations. Using 1.
2026-05-11 14:58:50 | INFO     | prophet | n_changepoints greater than number of observations. Using 4.
2026-05-11 14:58:56 | INFO     | prophet | n_changepoints greater than number of observations. Using 5.
2026-05-11 14:58:56 | INFO     | prophet | n_changepoints greater than number of observations. Using 3.
2026-05-11 14:58:57 | INFO     | prophet | n_changepoints greater than number of observations. Using 5.
2026-05-11 14:58:57 | INFO     | prophet | n_changepoints greater than number of observations. Using 6.
2026-05-11 14:58:57 | INFO     | prophet | n_changepoints greater than number of observations. Using 7.
2026-05-11 14:58:58 | INFO     | prophet | n_changepoints greater than number of observations. Using 6.
2026-05-11 14:58:58 | INFO     | prophet | n_changepoints greater than number of observations. Using 5.
2026-05-11 14:58:58 | INFO     | prophet | n_changepoints greater than number of observations. Using 6.
2026-05-11 14:58:59 | INFO     | prophet | n_changepoints greater than number of observations. Using 6.
2026-05-11 14:58:59 | INFO     | prophet | n_changepoints greater than number of observations. Using 7.
2026-05-11 14:58:59 | INFO     | prophet | n_changepoints greater than number of observations. Using 6.
2026-05-11 14:59:01 | INFO     | prophet | n_changepoints greater than number of observations. Using 3.
2026-05-11 14:59:04 | INFO     | prophet | n_changepoints greater than number of observations. Using 1.
2026-05-11 14:59:04 | INFO     | prophet | n_changepoints greater than number of observations. Using 7.
2026-05-11 14:59:04 | INFO     | prophet | n_changepoints greater than number of observations. Using 1.
2026-05-11 14:59:06 | INFO     | prophet | n_changepoints greater than number of observations. Using 7.
2026-05-11 14:59:07 | INFO     | models.forecast_model | 📦 Stored 357 forecast records in memory
2026-05-11 14:59:07 | INFO     | models.forecast_model | ✅ Forecast training complete using Prophet
2026-05-11 14:59:07 | INFO     | models.forecast_model | 📊 Generated 357 forecast records
2026-05-11 14:59:07 | INFO     | scheduler | ✅ Forecast training completed
2026-05-11 14:59:07 | INFO     | scheduler | ✅ Initial training complete
2026-05-11 14:59:07 | INFO     | apscheduler.executors.default | Job "Initial Model Training (trigger: date[2026-05-11 14:58:37 EAT], next run at: 2026-05-11 14:58:37 EAT)" executed successfully
2026-05-11 15:00:00 | INFO     | apscheduler.executors.default | Running job "Daily Forecast Training (trigger: cron[hour='15', minute='0'], next run at: 2026-05-12 15:00:00 EAT)" (scheduled at 2026-05-11 15:00:00+03:00)
2026-05-11 15:00:00 | INFO     | scheduler | 🔄 Starting scheduled forecast training...
2026-05-11 15:00:00 | INFO     | models.forecast_model | 🔄 Starting forecast training...
2026-05-11 15:00:00 | INFO     | models.forecast_model | 📊 Forecasting for 23 terminals
2026-05-11 15:00:00 | INFO     | prophet | n_changepoints greater than number of observations. Using 1.
2026-05-11 15:00:01 | INFO     | prophet | n_changepoints greater than number of observations. Using 2.
2026-05-11 15:00:03 | WARNING  | models.forecast_model | ⚠️ Skipping CDM22567 — insufficient data
2026-05-11 15:00:03 | INFO     | prophet | n_changepoints greater than number of observations. Using 1.
2026-05-11 15:00:03 | WARNING  | models.forecast_model | ⚠️ Skipping CDM592 — insufficient data
2026-05-11 15:00:03 | INFO     | prophet | n_changepoints greater than number of observations. Using 1.
2026-05-11 15:00:04 | INFO     | prophet | n_changepoints greater than number of observations. Using 4.
2026-05-11 15:00:09 | INFO     | prophet | n_changepoints greater than number of observations. Using 5.
2026-05-11 15:00:09 | INFO     | prophet | n_changepoints greater than number of observations. Using 3.
2026-05-11 15:00:09 | INFO     | prophet | n_changepoints greater than number of observations. Using 5.
2026-05-11 15:00:10 | INFO     | prophet | n_changepoints greater than number of observations. Using 6.
2026-05-11 15:00:10 | INFO     | prophet | n_changepoints greater than number of observations. Using 7.
2026-05-11 15:00:10 | INFO     | prophet | n_changepoints greater than number of observations. Using 6.
2026-05-11 15:00:10 | WARNING  | apscheduler.executors.default | Run time of job "Daily Forecast Training (trigger: cron[hour='15', minute='0'], next run at: 2026-05-12 15:00:00 EAT)" was missed by 0:00:10.975467
2026-05-11 15:00:11 | INFO     | prophet | n_changepoints greater than number of observations. Using 5.
2026-05-11 15:00:11 | INFO     | prophet | n_changepoints greater than number of observations. Using 6.
2026-05-11 15:00:11 | INFO     | prophet | n_changepoints greater than number of observations. Using 6.
2026-05-11 15:00:12 | INFO     | prophet | n_changepoints greater than number of observations. Using 7.
2026-05-11 15:00:12 | INFO     | prophet | n_changepoints greater than number of observations. Using 6.
2026-05-11 15:00:13 | INFO     | prophet | n_changepoints greater than number of observations. Using 3.
2026-05-11 15:00:17 | INFO     | prophet | n_changepoints greater than number of observations. Using 1.
2026-05-11 15:00:17 | INFO     | prophet | n_changepoints greater than number of observations. Using 7.
2026-05-11 15:00:17 | INFO     | prophet | n_changepoints greater than number of observations. Using 1.
2026-05-11 15:00:19 | INFO     | prophet | n_changepoints greater than number of observations. Using 7.
2026-05-11 15:00:20 | INFO     | models.forecast_model | 📦 Stored 357 forecast records in memory
2026-05-11 15:00:20 | INFO     | models.forecast_model | ✅ Forecast training complete using Prophet
2026-05-11 15:00:20 | INFO     | models.forecast_model | 📊 Generated 357 forecast records
2026-05-11 15:00:20 | INFO     | scheduler | ✅ Forecast training completed
2026-05-11 15:00:20 | INFO     | apscheduler.executors.default | Job "Daily Forecast Training (trigger: cron[hour='15', minute='0'], next run at: 2026-05-12 15:00:00 EAT)" executed successfully
